{
  "generations": [
    0,
    1,
    2,
    3,
    4,
    5,
    6,
    7,
    8,
    9,
    10,
    11,
    12,
    13,
    14,
    15,
    16,
    17,
    18,
    19,
    20,
    21,
    22,
    23,
    24,
    25,
    26,
    27,
    28,
    29,
    30,
    31,
    32,
    33,
    34,
    35,
    36,
    37,
    38,
    39,
    40,
    41,
    42,
    43,
    44,
    45,
    46,
    47,
    48,
    49,
    50,
    51,
    52,
    53,
    54,
    55,
    56,
    57,
    58,
    59,
    60,
    61,
    62,
    63,
    64,
    65,
    66,
    67,
    68,
    69,
    70,
    71,
    72,
    73,
    74,
    75,
    76,
    77,
    78,
    79,
    80,
    81,
    82,
    83,
    84,
    85,
    86,
    87,
    88,
    89,
    90,
    91,
    92,
    93,
    94,
    95,
    96,
    97,
    98,
    99,
    100
  ],
  "best_fitness": [
    93.38792215226103,
    93.38792215226103,
    93.38792215226103,
    93.38792215226103,
    93.38792215226103,
    93.38792215226103,
    93.38792215226103,
    93.38792215226103,
    93.38792215226103,
    93.38792215226103,
    93.38792215226103,
    93.38792215226103,
    93.38792215226103,
    93.38792215226103,
    93.38792215226103,
    93.38792215226103,
    93.38792215226103,
    93.38792215226103,
    3468.359498680739,
    3468.359498680739,
    3468.359498680739,
    3468.359498680739,
    3468.359498680739,
    3468.359498680739,
    3468.359498680739,
    3468.359498680739,
    3468.359498680739,
    3468.359498680739,
    3468.359498680739,
    3468.359498680739,
    3468.359498680739,
    3468.359498680739,
    3468.359498680739,
    3468.359498680739,
    3468.359498680739,
    3468.359498680739,
    3468.359498680739,
    3468.359498680739,
    3468.359498680739,
    3468.359498680739,
    3631.7888631090486,
    3631.7888631090486,
    3631.7888631090486,
    3631.7888631090486,
    3631.7888631090486,
    3631.7888631090486,
    3631.7888631090486,
    3631.7888631090486,
    3631.7888631090486,
    3631.7888631090486,
    3631.7888631090486,
    3631.7888631090486,
    3631.7888631090486,
    3631.7888631090486,
    3631.7888631090486,
    3631.7888631090486,
    3631.7888631090486,
    3631.7888631090486,
    3631.7888631090486,
    3631.7888631090486,
    3631.7888631090486,
    3631.7888631090486,
    3631.7888631090486,
    3631.7888631090486,
    3631.7888631090486,
    3631.7888631090486,
    3631.7888631090486,
    3631.7888631090486,
    3631.7888631090486,
    3631.7888631090486,
    3631.7888631090486,
    3631.7888631090486,
    3631.7888631090486,
    3631.7888631090486,
    3631.7888631090486,
    3631.7888631090486,
    3631.7888631090486,
    3631.7888631090486,
    3631.7888631090486,
    3631.7888631090486,
    3631.7888631090486,
    3631.7888631090486,
    3631.7888631090486,
    3631.7888631090486,
    3631.7888631090486,
    3631.7888631090486,
    3631.7888631090486,
    3631.7888631090486,
    3631.7888631090486,
    3631.7888631090486,
    3631.7888631090486,
    3631.7888631090486,
    3631.7888631090486,
    3631.7888631090486,
    3631.7888631090486,
    3631.7888631090486,
    3631.7888631090486,
    3631.7888631090486,
    3631.7888631090486,
    3631.7888631090486,
    3631.7888631090486
  ],
  "mean_fitness": [
    9.55675776410728,
    14.246967872349918,
    15.152506868707317,
    15.646880367828672,
    16.190733509825943,
    19.4689552606281,
    19.500122606014365,
    19.812496139370086,
    20.528064958567455,
    20.559716541402132,
    23.857187593944722,
    24.08953371069325,
    24.08953371069325,
    24.545437669562965,
    24.545437669562965,
    24.545437669562965,
    27.799368229312854,
    27.799368229312854,
    201.93676402844102,
    201.9407973023254,
    205.26633937902824,
    205.83548210738513,
    206.56832074509467,
    206.87282177405183,
    207.77903719068019,
    208.95465022853304,
    209.0647562652317,
    209.0647562652317,
    209.78263170379986,
    209.8244741348173,
    248.1452630235845,
    249.39338750539827,
    249.67804470575328,
    251.85714497046402,
    251.85714497046402,
    253.14553794558378,
    253.14553794558378,
    254.44294141497895,
    262.271167402862,
    264.46192020298633,
    445.2091842939484,
    517.3922876882355,
    517.3922876882355,
    517.3922876882355,
    517.3922876882355,
    517.3922876882355,
    517.3922876882355,
    517.4436683068751,
    517.4436683068751,
    517.4436683068751,
    517.4436683068751,
    517.4436683068751,
    517.4436683068751,
    517.4436683068751,
    517.4436683068751,
    517.4436683068751,
    517.4436683068751,
    517.4436683068751,
    520.9736096963636,
    520.9736096963636,
    520.9736096963636,
    520.9736096963636,
    521.9150222741112,
    521.9150222741112,
    521.9150222741112,
    521.9150222741112,
    525.7118793608017,
    525.7858759971815,
    525.7858759971815,
    529.8000128832562,
    529.8000128832562,
    529.8000128832562,
    529.8000128832562,
    538.7962107806253,
    538.7962107806253,
    538.7962107806253,
    538.7962107806253,
    538.7962107806253,
    538.7962107806253,
    558.4592637950414,
    558.8607003915054,
    558.8607003915054,
    558.8607003915054,
    564.1805487060547,
    564.1805487060547,
    564.1805487060547,
    564.1805487060547,
    564.1805487060547,
    566.4404880940745,
    566.4404880940745,
    566.4404880940745,
    566.4404880940745,
    566.4404880940745,
    569.2623753022624,
    569.2623753022624,
    569.2623753022624,
    569.2623753022624,
    569.2623753022624,
    569.2623753022624,
    569.2623753022624,
    569.2623753022624
  ],