{
  "generations": [
    0,
    1,
    2,
    3,
    4,
    5,
    6,
    7,
    8,
    9,
    10,
    11,
    12,
    13,
    14,
    15,
    16,
    17,
    18,
    19,
    20,
    21,
    22,
    23,
    24,
    25,
    26,
    27,
    28,
    29,
    30,
    31,
    32,
    33,
    34,
    35,
    36,
    37,
    38,
    39,
    40,
    41,
    42,
    43,
    44,
    45,
    46,
    47,
    48,
    49,
    50,
    51,
    52,
    53,
    54,
    55,
    56,
    57,
    58,
    59,
    60,
    61,
    62,
    63,
    64,
    65,
    66,
    67,
    68,
    69,
    70,
    71,
    72,
    73,
    74,
    75,
    76,
    77,
    78,
    79,
    80,
    81,
    82,
    83,
    84,
    85,
    86,
    87,
    88,
    89,
    90,
    91,
    92,
    93,
    94,
    95,
    96,
    97,
    98,
    99,
    100
  ],
  "best_fitness": [
    16.41161623898889,
    16.41161623898889,
    32.378074588031225,
    32.378074588031225,
    58.736554040703425,
    58.736554040703425,
    58.736554040703425,
    62.424548509029826,
    62.424548509029826,
    62.424548509029826,
    62.424548509029826,
    62.424548509029826,
    62.424548509029826,
    62.424548509029826,
    76.33987758945386,
    76.33987758945386,
    76.33987758945386,
    76.33987758945386,
    76.33987758945386,
    76.33987758945386,
    76.33987758945386,
    76.33987758945386,
    76.33987758945386,
    76.33987758945386,
    76.33987758945386,
    76.33987758945386,
    76.33987758945386,
    76.33987758945386,
    76.33987758945386,
    76.33987758945386,
    76.33987758945386,
    76.33987758945386,
    76.33987758945386,
    85.14289827255278,
    85.14289827255278,
    750.0623723968968,
    750.0623723968968,
    750.0623723968968,
    750.0623723968968,
    750.0623723968968,
    750.0623723968968,
    750.0623723968968,
    750.0623723968968,
    991.9647095565273,
    991.9647095565273,
    991.9647095565273,
    991.9647095565273,
    991.9647095565273,
    991.9647095565273,
    991.9647095565273,
    991.9647095565273,
    991.9647095565273,
    991.9647095565273,
    991.9647095565273,
    991.9647095565273,
    991.9647095565273,
    991.9647095565273,
    991.9647095565273,
    991.9647095565273,
    991.9647095565273,
    991.9647095565273,
    991.9647095565273,
    991.9647095565273,
    991.9647095565273,
    991.9647095565273,
    991.9647095565273,
    991.9647095565273,
    991.9647095565273,
    991.9647095565273,
    991.9647095565273,
    991.9647095565273,
    991.9647095565273,
    991.9647095565273,
    991.9647095565273,
    991.9647095565273,
    991.9647095565273,
    991.9647095565273,
    991.9647095565273,
    991.9647095565273,
    991.9647095565273,
    991.9647095565273,
    991.9647095565273,
    991.9647095565273,
    991.9647095565273,
    991.9647095565273,
    991.9647095565273,
    991.9647095565273,
    991.9647095565273,
    991.9647095565273,
    991.9647095565273,
    991.9647095565273,
    991.9647095565273,
    991.9647095565273,
    991.9647095565273,
    991.9647095565273,
    991.9647095565273,
    991.9647095565273,
    991.9647095565273,
    991.9647095565273,
    991.9647095565273,
    991.9647095565273
  ],
  "mean_fitness": [
    5.192963456764597,
    6.80096931254396,
    9.04552579717833,
    9.510346014069324,
    12.985228074660807,
    17.332866296359263,
    24.34906794105706,
    28.8212353702016,
    31.860934036001236,
    36.35797471154308,
    42.50079222858753,
    46.37232723460312,
    46.86803241354558,
    48.04406538460973,
    51.71716458721395,
    51.742997853462825,
    55.73175103132585,
    55.73175103132585,
    55.73175103132585,
    55.73175103132585,
    56.44910993965247,
    57.04185050835512,
    57.34133132237506,
    57.34133132237506,
    57.65355189722891,
    57.67714777391652,
    57.67714777391652,
    57.98494783959842,
    57.98494783959842,
    58.86064020338481,
    59.13004483964397,
    59.13004483964397,
    59.13004483964397,
    60.80587231015136,
    60.86682226090649,
    95.77237272276459,
    95.77237272276459,
    95.81339415608916,
    111.06905687050221,
    111.06905687050221,
    112.34819178003507,
    112.34819178003507,
    112.34819178003507,
    160.4110274570032,
    160.4110274570032,
    160.4110274570032,
    160.4110274570032,
    161.93231830879188,
    161.93231830879188,
    162.95833331810962,
    162.95833331810962,
    162.95833331810962,
    162.95833331810962,
    162.95833331810962,
    164.02498728649317,
    164.02498728649317,
    164.02498728649317,
    164.8808617951785,
    164.8808617951785,
    164.8808617951785,
    165.78225598106926,
    165.78225598106926,
    165.78225598106926,
    168.35102097074648,
    196.1316305596812,
    196.1316305596812,
    196.1316305596812,
    196.22133958072254,
    197.0643282763204,
    197.88354602796954,
    197.88354602796954,
    197.88354602796954,
    197.88354602796954,
    198.5685603865556,
    198.5685603865556,
    215.50606032622508,
    215.67285182448626,
    215.9081329716551,
    215.9081329716551,
    215.9081329716551,
    215.9081329716551,
    215.9846953063915,
    221.61923265018655,
    221.61923265018655,
    221.61923265018655,
    221.93831861414998,
    222.0961106845547,
    222.0961106845547,
    222.0961106845547,
    222.0961106845547,
    222.0961106845547,
    222.0961106845547,
    249.55523966690689,
    249.59764103099278,
    252.56327267656624,
    252.56327267656624,
    252.80627983852438,
    252.80627983852438,
    252.80627983852438,
    252.81776060035045,
    252.81776060035045
  ],
  "std_fitness": [
    3.64914552200873,
    2.8774808423304115,
    6.353168272742236,
    6.170900978856443,
    12.0268279717668,
    14.626023633474281,
    17.823687232211668,
    18.34860122087075,
    17.56760242421164,
    17.71464331047818,
    13.70993244038141,
    11.89118497442765,
    11.324145250755628,
    10.95354712042524,
    10.548981666607352,
    10.50518928128109,
    9.159718169368338,
    9.159718169368338,
    9.159718169368338,
    9.159718169368338,
    8.150183539005923,
    7.822833386458452,
    7.535415342512773,
    7.535415342512773,
    7.223010023082676,
    7.197881490315792,
    7.197881490315792,
    7.001464155004658,
    7.001464155004658,
    7.081241018838057,
    6.879885644874302,
    6.879885644874302,
    6.879885644874302,
    8.691523646392424,
    8.631792944804184,
    150.3384895567663,
    150.3384895567663,
    150.32687450478107,
    160.3513249462016,
    160.3513249462016,
    159.98565061649694,
    159.98565061649694,
    159.98565061649694,
    248.3861823543585,
    248.3861823543585,
    248.3861823543585,
    248.3861823543585,
    247.8369229023232,
    247.8369229023232,
    247.4403648493409,
    247.4403648493409,
    247.4403648493409,
    247.4403648493409,
    247.4403648493409,
    247.02466151608522,
    247.02466151608522,
    247.02466151608522,
    246.68459644468868,
    246.68459644468868,
    246.68459644468868,
    246.32543321839253,
    246.32543321839253,
    246.32543321839253,
    245.33400790449892,
    262.22498951442964,
    262.22498951442964,
    262.22498951442964,
    262.178861668469,
    261.7722550541033,
    261.37440894040145,
    261.37440894040145,
    261.37440894040145,
    261.37440894040145,
    261.03623231479156,
    261.03623231479156,
    262.644522551154,
    262.55681969577745,
    262.43374272615966,
    262.43374272615966,
    262.43374272615966,
    262.43374272615966,
    262.3931714509652,
    260.53736920833893,
    260.53736920833893,
    260.53736920833893,
    260.3638961952481,
    260.27721395487924,
    260.27721395487924,
    260.27721395487924,
    260.27721395487924,
    260.27721395487924,
    260.27721395487924,
    271.4503965485792,
    271.42375994962606,
    269.859948537496,
    269.859948537496,
    269.70543083071317,
    269.70543083071317,
    269.70543083071317,
    269.6980443088794,
    269.6980443088794
  ],
  "objective": "beta_gamma_ratio",