{
  "generation": [
    0,
    1,
    2,
    3,
    4,
    5,
    6,
    7,
    8,
    9,
    10,
    11,
    12,
    13,
    14,
    15,
    16,
    17,
    18,
    19,
    20,
    21,
    22,
    23,
    24,
    25,
    26,
    27,
    28,
    29,
    30,
    31,
    32,
    33,
    34,
    35,
    36,
    37,
    38,
    39,
    40,
    41,
    42,
    43,
    44,
    45,
    46,
    47,
    48,
    49,
    50,
    51,
    52,
    53,
    54,
    55,
    56,
    57,
    58,
    59,
    60,
    61,
    62,
    63,
    64,
    65,
    66,
    67,
    68,
    69,
    70,
    71,
    72,
    73,
    74,
    75,
    76,
    77,
    78,
    79,
    80,
    81,
    82,
    83,
    84,
    85,
    86,
    87,
    88,
    89,
    90,
    91,
    92,
    93,
    94,
    95,
    96,
    97,
    98,
    99,
    100
  ],
  "hypervolume": [
    7955702656.556212,
    7955702656.556212,
    7955702656.556212,
    7955702656.556212,
    7955702656.556212,
    7955702656.556212,
    7955702656.556212,
    7955702656.556212,
    7955702656.556212,
    7955702656.556212,
    7955702656.556212,
    7955702656.556212,
    7955702656.556212,
    7955702656.556212,
    7955702656.556212,
    7955702656.556212,
    7955702656.556212,
    7955702656.556212,
    7955702656.556212,
    7955702656.556212,
    7955702656.556212,
    7955702656.556212,
    7955702656.556212,
    7955702656.556212,
    7955702656.556212,
    7955702656.556212,
    7955702656.556212,
    7955702656.556212,
    7955702656.556212,
    7955702656.556212,
    7955702656.556212,
    7955702656.556212,
    7955702656.556212,
    7955702656.556212,
    7955702656.556212,
    7955702656.556212,
    7955702656.556212,
    7955702656.556212,
    7955702656.556212,
    7955702656.556212,
    7955702656.556212,
    7955702656.556212,
    7955702656.556212,
    7955702656.556212,
    7955702656.556212,
    7955702656.556212,
    7955702656.556212,
    7955702656.556212,
    7955702656.556212,
    7955702656.556212,
    7955702656.556212,
    7955702656.556212,
    7955702656.556212,
    7955702656.556212,
    7955702656.556212,
    7955702656.556212,
    7955702656.556212,
    7955702656.556212,
    7955702656.556212,
    7955702656.556212,
    7955702656.556212,
    7955702656.556212,
    7955702656.556212,
    7955702656.556212,
    7955702656.556212,
    7955702656.556212,
    7955702656.556212,
    7955702656.556212,
    7955702656.556212,
    7955702656.556212,
    7955702656.556212,
    7955702656.556212,
    7955702656.556212,
    7955702656.556212,
    7955702656.556212,
    7955702656.556212,
    7955702656.556212,
    7955702656.556212,
    7955702656.556212,
    7955702656.556212,
    7955702656.556212,
    7955702656.556212,
    7955702656.556212,
    7955702656.556212,
    7955702656.556212,
    7955702656.556212,
    7955702656.556212,
    7955702656.556212,
    7955702656.556212,
    7955702656.556212,
    7955702656.556212,
    7955702656.556212,
    7955702656.556212,
    7955702656.556212,
    7955702656.556212,
    7955702656.556212,
    7955702656.556212,
    7955702656.556212,
    7955702656.556212,
    7955702656.556212,
    7955702656.556212
  ],
  "max_beta": [
    8.231978591869039,
    8.231978591869039,
    10.536041841994106,
    10.536041841994106,
    10.536041841994106,
    10.536041841994106,
    10.536041841994106,
    11.137378163986837,
    11.137378163986837,
    11.137378163986837,
    16.540761016092517,
    16.540761016092517,
    16.540761016092517,
    16.540761016092517,
    16.540761016092517,
    16.540761016092517,
    23.541422419407983,
    23.541422419407983,
    23.541422419407983,
    23.541422419407983,
    23.541422419407983,
    26.18353259188579,
    26.18353259188579,
    43.458242278595264,
    43.458242278595264,
    43.458242278595264,
    52.677270036944826,
    52.677270036944826,
    52.677270036944826,
    52.677270036944826,
    52.677270036944826,
    52.677270036944826,
    52.677270036944826,
    52.677270036944826,
    52.677270036944826,
    52.677270036944826,
    52.677270036944826,
    52.677270036944826,
    52.677270036944826,
    52.677270036944826,
    52.677270036944826,
    52.677270036944826,
    52.677270036944826,
    52.677270036944826,
    52.677270036944826,
    52.677270036944826,
    52.677270036944826,
    52.677270036944826,
    52.677270036944826,
    52.677270036944826,
    52.677270036944826,
    52.677270036944826,
    52.677270036944826,
    52.677270036944826,
    52.677270036944826,
    52.677270036944826,
    52.677270036944826,
    52.677270036944826,
    52.677270036944826,
    52.677270036944826,
    52.677270036944826,
    52.677270036944826,
    52.677270036944826,
    52.677270036944826,
    52.677270036944826,
    83.0869007841585,
    338.98869141580434,
    338.98869141580434,
    338.98869141580434,
    338.98869141580434,
    338.98869141580434,
    338.98869141580434,
    338.98869141580434,
    338.98869141580434,
    338.98869141580434,
    338.98869141580434,
    338.98869141580434,
    338.98869141580434,
    338.98869141580434,
    338.98869141580434,
    338.98869141580434,
    338.98869141580434,
    338.98869141580434,
    338.98869141580434,
    338.98869141580434,
    338.98869141580434,
    338.98869141580434,
    338.98869141580434,
    338.98869141580434,
    338.98869141580434,
    338.98869141580434,
    338.98869141580434,
    338.98869141580434,
    338.98869141580434,
    338.98869141580434,
    338.98869141580434,
    338.98869141580434,
    338.98869141580434,
    338.98869141580434,
    338.98869141580434,
    338.98869141580434
  ],
  "avg_beta": [
    4.4044773704702544,
    3.474111853424926,
    3.228316159243029,
    2.735878186560261,
    2.767434262468149,
    2.1863272856677445,
    2.8242181877216535,
    2.491790672432258,
    2.895287467160345,
    4.096173992317154,
    3.403208345032199,
    2.88882802233491,
    2.994923712543943,
    4.198794621584592,
    2.841065136574779,
    3.092930500546147,
    3.2075856136987753,
    5.731956810383334,
    4.478581479537118,
    4.0814275560234465,
    3.6722861350519564,
    5.1092394751102415,
    4.846632757886171,
    6.319841217056952,
    6.292046701868669,
    6.795727389119056,
    5.9000449488031155,
    5.970101260836155,
    7.204723876680179,
    7.052298380889624,
    6.787117164752923,
    5.298389281265232,
    7.360174372719309,
    6.020918288208214,
    8.210935336762311,
    6.5769076312491705,
    6.639031953078522,
    5.07774026648073,
    6.112028455248959,
    7.593780871477215,
    3.7552036070900825,
    5.628087312651975,
    6.461733319204019,
    6.222437824355236,
    6.703575790094561,
    8.204871144116149,
    7.10690008877984,
    8.265337775836102,
    7.836325156696757,
    8.754835089644843,
    10.487938586835732,
    8.300359204085247,
    8.639053335579806,
    9.620413014871541,
    5.967212628012053,
    6.930113333904527,
    6.221151325537094,
    6.390187296430593,
    6.886740853005587,
    7.000371681169213,
    6.291461037195658,
    5.7935274943308475,
    6.388015141855708,
    6.971610178447835,
    5.919628181388084,
    6.6717061530452515,
    24.440453570080997,
    30.767812522885073,
    22.680342758208788,
    26.799519654560044,
    20.96832090499287,
    20.4158643595168,
    21.214233084716746,
    20.77005164846555,
    19.562632432751236,
    19.38689655192778,
    20.925270423991673,
    22.12533238452525,
    22.01807079251784,
    20.732926933504906,
    20.253924866922386,
    19.55527330383606,
    18.864040708632295,
    20.62796438832795,
    20.933411502139553,
    21.19103106398499,
    19.52055241509355,
    20.4036426584667,
    20.50406769938435,
    20.59103688147396,
    21.19655593222884,
    19.64643348479487,
    21.777971095824817,
    19.988942640700113,
    21.09247749992677,
    21.270918414870845,
    20.072457994644648,
    20.110704750342347,
    20.685815334273148,
    21.182582898920188,
    20.56368598174098
  ],