{
  "generation": [
    0,
    1,
    2,
    3,
    4,
    5,
    6,
    7,
    8,
    9,
    10,
    11,
    12,
    13,
    14,
    15,
    16,
    17,
    18,
    19,
    20,
    21,
    22,
    23,
    24,
    25,
    26,
    27,
    28,
    29,
    30,
    31,
    32,
    33,
    34,
    35,
    36,
    37,
    38,
    39,
    40,
    41,
    42,
    43,
    44,
    45,
    46,
    47,
    48,
    49,
    50,
    51,
    52,
    53,
    54,
    55,
    56,
    57,
    58,
    59,
    60,
    61,
    62,
    63,
    64,
    65,
    66,
    67,
    68,
    69,
    70,
    71,
    72,
    73,
    74,
    75,
    76,
    77,
    78,
    79,
    80,
    81,
    82,
    83,
    84,
    85,
    86,
    87,
    88,
    89,
    90,
    91,
    92,
    93,
    94,
    95,
    96,
    97,
    98,
    99,
    100
  ],
  "hypervolume": [
    6243070758.008942,
    6243070758.008942,
    6243070758.008942,
    6243070758.008942,
    6243070758.008942,
    6243070758.008942,
    6243070758.008942,
    6243070758.008942,
    6243070758.008942,
    6243070758.008942,
    6243070758.008942,
    6243070758.008942,
    6243070758.008942,
    6243070758.008942,
    6243070758.008942,
    6243070758.008942,
    6243070758.008942,
    6243070758.008942,
    6243070758.008942,
    6243070758.008942,
    6243070758.008942,
    6243070758.008942,
    6243070758.008942,
    6243070758.008942,
    6243070758.008942,
    6243070758.008942,
    6243070758.008942,
    6243070758.008942,
    6243070758.008942,
    6243070758.008942,
    6243070758.008942,
    6243070758.008942,
    6243070758.008942,
    6243070758.008942,
    6243070758.008942,
    6243070758.008942,
    6243070758.008942,
    6243070758.008942,
    6243070758.008942,
    6243070758.008942,
    6243070758.008942,
    6243070758.008942,
    6243070758.008942,
    6243070758.008942,
    6243070758.008942,
    6243070758.008942,
    6243070758.008942,
    6243070758.008942,
    6243070758.008942,
    6243070758.008942,
    6243070758.008942,
    6243070758.008942,
    6243070758.008942,
    6243070758.008942,
    6243070758.008942,
    6243070758.008942,
    6243070758.008942,
    6243070758.008942,
    6243070758.008942,
    6243070758.008942,
    6243070758.008942,
    6243070758.008942,
    6243070758.008942,
    6243070758.008942,
    6243070758.008942,
    6243070758.008942,
    6243070758.008942,
    6243070758.008942,
    6243070758.008942,
    6243070758.008942,
    6243070758.008942,
    6243070758.008942,
    6243070758.008942,
    6243070758.008942,
    6243070758.008942,
    6243070758.008942,
    6243070758.008942,
    6243070758.008942,
    6243070758.008942,
    6243070758.008942,
    6243070758.008942,
    6243070758.008942,
    6243070758.008942,
    6243070758.008942,
    6243070758.008942,
    6243070758.008942,
    6243070758.008942,
    6243070758.008942,
    6243070758.008942,
    6243070758.008942,
    6243070758.008942,
    6243070758.008942,
    6243070758.008942,
    6243070758.008942,
    6243070758.008942,
    6243070758.008942,
    6243070758.008942,
    6243070758.008942,
    6243070758.008942,
    6243070758.008942,
    6243070758.008942
  ],
  "max_beta": [
    6.3892184171718815,
    15.393463198253183,
    18.100936405871966,
    18.100936405871966,
    18.100936405871966,
    19.363090074918155,
    28.707450939642346,
    28.707450939642346,
    65.8109228507186,
    65.8109228507186,
    65.8109228507186,
    65.8109228507186,
    387.9065425960767,
    387.9065425960767,
    387.9065425960767,
    387.9065425960767,
    387.9065425960767,
    387.9065425960767,
    387.9065425960767,
    387.9065425960767,
    387.9065425960767,
    387.9065425960767,
    387.9065425960767,
    387.9065425960767,
    387.9065425960767,
    387.9065425960767,
    387.9065425960767,
    387.9065425960767,
    387.9065425960767,
    387.9065425960767,
    387.9065425960767,
    387.9065425960767,
    387.9065425960767,
    387.9065425960767,
    387.9065425960767,
    387.9065425960767,
    387.9065425960767,
    387.9065425960767,
    387.9065425960767,
    387.9065425960767,
    538.999858575698,
    538.999858575698,
    538.999858575698,
    538.999858575698,
    538.999858575698,
    538.999858575698,
    538.999858575698,
    538.999858575698,
    538.999858575698,
    538.999858575698,
    538.999858575698,
    538.999858575698,
    538.999858575698,
    538.999858575698,
    538.999858575698,
    538.999858575698,
    538.999858575698,
    538.999858575698,
    538.999858575698,
    538.999858575698,
    538.999858575698,
    538.999858575698,
    538.999858575698,
    538.999858575698,
    538.999858575698,
    538.999858575698,
    538.999858575698,
    538.999858575698,
    538.999858575698,
    538.999858575698,
    538.999858575698,
    538.999858575698,
    538.999858575698,
    538.999858575698,
    538.999858575698,
    538.999858575698,
    538.999858575698,
    538.999858575698,
    538.999858575698,
    538.999858575698,
    538.999858575698,
    538.999858575698,
    538.999858575698,
    538.999858575698,
    538.999858575698,
    538.999858575698,
    538.999858575698,
    538.999858575698,
    538.999858575698,
    538.999858575698,
    538.999858575698,
    538.999858575698,
    538.999858575698,
    538.999858575698,
    538.999858575698,
    538.999858575698,
    538.999858575698,
    538.999858575698,
    1523.4588299819077,
    1523.4588299819077,
    1523.4588299819077
  ],
  "avg_beta": [
    4.174813383127893,
    4.51763885800208,
    3.7158206361597346,
    4.176204648086567,
    5.715857064008326,
    5.145928932344327,
    0.8097540106742841,
    -8.427641344576962,
    -1.5902461534226602,
    -3.2009652486445015,
    0.13140420968205432,
    -2.607138090490278,
    18.184634308714656,
    13.989153856637676,
    15.692305138976732,
    14.707447615330608,
    15.336330732502784,
    10.24840582457168,
    13.884341934318229,
    23.864337698971063,
    22.96400828017429,
    22.616984028713507,
    22.310262682793102,
    22.257489666068192,
    21.727880196471702,
    22.1685855269082,
    21.492642046803166,
    22.52628261619613,
    22.03112076865093,
    20.922033706468227,
    19.773538889236782,
    21.120882738328177,
    19.95770618858072,
    19.223905921093497,
    20.638872776212533,
    21.99829343062281,
    22.03502751672894,
    20.993282243377152,
    21.10379945711389,
    21.106906893673113,
    47.9883885316017,
    28.521893882319585,
    29.04601088734597,
    30.32757732161533,
    29.750466061831577,
    28.50190059204447,
    27.913952938571946,
    29.153094575849103,
    28.454612002354185,
    28.5209803419148,
    29.771506539856013,
    29.50899579591685,
    29.480872756395428,
    29.893249647223012,
    29.367289053995457,
    29.34290801344565,
    30.04291718827068,
    31.202992107697902,
    30.514822553082144,
    32.1136460176028,
    31.15112287822393,
    30.577140251643574,
    29.371165233727766,
    30.00132295555259,
    30.153804452005215,
    31.623571747217813,
    33.09478292420497,
    24.783193989753407,
    25.720462839068443,
    26.285563958166343,
    27.163623068631495,
    26.58945421334472,
    25.715314205010067,
    26.368058064992987,
    29.50982529518264,
    26.890002851629458,
    34.56643072066195,
    32.85895975866115,
    31.91257298563003,
    33.00164878133615,
    32.56224692508273,
    31.44226445830416,
    33.106956645606104,
    16.078167996070313,
    10.830156140851152,
    4.258305097155519,
    2.2771377720588646,
    34.79045381889402,
    26.55489428757811,
    32.024255044599194,
    33.97391214649595,
    34.023782919263425,
    35.15737829217445,
    31.8434861102124,
    33.772757881428575,
    33.14732534233866,
    33.389091819103875,
    33.896656175124484,
    82.80975770659789,
    82.76130125647168,
    82.24253620473414
  ],