{
  "generations": [
    0,
    1,
    2,
    3,
    4,
    5,
    6,
    7,
    8,
    9,
    10,
    11,
    12,
    13,
    14,
    15,
    16,
    17,
    18,
    19,
    20,
    21,
    22,
    23,
    24,
    25,
    26,
    27,
    28,
    29,
    30,
    31,
    32,
    33,
    34,
    35,
    36,
    37,
    38,
    39,
    40,
    41,
    42,
    43,
    44,
    45,
    46,
    47,
    48,
    49,
    50,
    51,
    52,
    53,
    54,
    55,
    56,
    57,
    58,
    59,
    60,
    61,
    62,
    63,
    64,
    65,
    66,
    67,
    68,
    69,
    70,
    71,
    72,
    73,
    74,
    75,
    76,
    77,
    78,
    79,
    80,
    81,
    82,
    83,
    84,
    85,
    86,
    87,
    88,
    89,
    90,
    91,
    92,
    93,
    94,
    95,
    96,
    97,
    98,
    99,
    100
  ],
  "best_fitness": [
    12.241932287365815,
    12.241932287365815,
    13.646133588700025,
    30.335592105263153,
    30.335592105263153,
    34.23197486535009,
    196.3282075772047,
    196.3282075772047,
    196.3282075772047,
    196.3282075772047,
    282.87472477064216,
    282.87472477064216,
    282.87472477064216,
    282.87472477064216,
    282.87472477064216,
    282.87472477064216,
    282.87472477064216,
    282.87472477064216,
    282.87472477064216,
    282.87472477064216,
    282.87472477064216,
    282.87472477064216,
    282.87472477064216,
    282.87472477064216,
    282.87472477064216,
    282.87472477064216,
    282.87472477064216,
    282.87472477064216,
    282.87472477064216,
    282.87472477064216,
    282.87472477064216,
    282.87472477064216,
    282.87472477064216,
    282.87472477064216,
    282.87472477064216,
    282.87472477064216,
    293.9131297709924,
    293.9131297709924,
    293.9131297709924,
    293.9131297709924,
    293.9131297709924,
    293.9131297709924,
    293.9131297709924,
    293.9131297709924,
    293.9131297709924,
    293.9131297709924,
    293.9131297709924,
    293.9131297709924,
    293.9131297709924,
    293.9131297709924,
    293.9131297709924,
    293.9131297709924,
    293.9131297709924,
    5004.958433253398,
    5004.958433253398,
    5004.958433253398,
    5004.958433253398,
    5004.958433253398,
    5004.958433253398,
    5004.958433253398,
    5004.958433253398,
    5004.958433253398,
    5004.958433253398,
    5004.958433253398,
    5004.958433253398,
    5004.958433253398,
    5004.958433253398,
    5004.958433253398,
    5004.958433253398,
    5004.958433253398,
    5004.958433253398,
    5004.958433253398,
    5004.958433253398,
    5004.958433253398,
    5004.958433253398,
    5004.958433253398,
    5004.958433253398,
    5004.958433253398,
    5004.958433253398,
    5004.958433253398,
    5004.958433253398,
    5004.958433253398,
    5004.958433253398,
    5004.958433253398,
    5004.958433253398,
    5004.958433253398,
    5004.958433253398,
    5004.958433253398,
    5004.958433253398,
    5004.958433253398,
    5004.958433253398,
    5004.958433253398,
    5004.958433253398,
    5004.958433253398,
    5004.958433253398,
    5004.958433253398,
    5004.958433253398,
    5004.958433253398,
    5004.958433253398,
    5004.958433253398,
    5004.958433253398
  ],
  "mean_fitness": [
    -49999996.26177695,
    6.591164809261267,
    8.299903139253612,
    10.16666542479823,
    10.974924114133419,
    12.896296501150974,
    22.95730066290389,
    26.164954018083954,
    26.164954018083954,
    30.839635965462286,
    44.3712755896261,
    46.945692947762794,
    46.945692947762794,
    47.258729773732696,
    50.58012505830989,
    50.691529018885646,
    51.175908904038,
    51.175908904038,
    51.175908904038,
    51.175908904038,
    51.2785139392965,
    58.59569753079569,
    58.59569753079569,
    58.59569753079569,
    59.85380762434524,
    59.85380762434524,
    60.09535256035241,
    60.09535256035241,
    60.09535256035241,
    64.12412472970068,
    64.12412472970068,
    64.12412472970068,
    66.15737834525923,
    66.15737834525923,
    66.42745835889681,
    66.42745835889681,
    83.00274180156563,
    83.00274180156563,
    83.00274180156563,
    91.92198097635023,
    91.92198097635023,
    91.92371019715799,
    92.12659103572048,
    95.473431860576,
    96.25859953000955,
    96.25859953000955,
    96.25859953000955,
    97.35695074594717,
    97.35695074594717,
    97.35695074594717,
    97.35695074594717,
    97.35695074594717,
    97.35695074594717,
    346.10571841251567,
    346.10571841251567,
    346.10571841251567,
    346.10571841251567,
    348.6259302002044,
    355.07841389854013,
    355.07841389854013,
    355.07841389854013,
    355.07841389854013,
    355.4834353103114,
    357.0313039009944,
    357.0313039009944,
    357.0313039009944,
    357.0313039009944,
    358.5255152629836,
    358.5255152629836,
    358.5255152629836,
    358.5255152629836,
    358.5255152629836,
    358.5255152629836,
    358.5255152629836,
    358.5255152629836,
    360.19830582223057,
    360.19830582223057,
    360.19830582223057,
    360.19830582223057,
    360.19830582223057,
    398.3931584948522,
    398.68839278711613,
    398.68839278711613,
    398.68839278711613,
    398.68839278711613,
    398.68839278711613,
    398.68839278711613,
    398.68839278711613,
    398.68839278711613,
    398.68839278711613,
    398.68839278711613,
    398.68839278711613,
    398.68839278711613,
    398.68839278711613,
    398.68839278711613,
    398.68839278711613,
    398.68839278711613,
    398.68839278711613,
    398.68839278711613,
    440.90836968978385,
    440.90836968978385
  ],
  "std_fitness": [
    217944948.0346409,
    2.390054652259754,
    2.3679316696664032,
    5.094011237485254,
    4.862497686401825,
    6.877968947194396,
    40.35099563876202,
    39.93451721993533,
    39.93451721993533,
    40.75752703173174,
    68.0945027823167,
    67.80458518188803,
    67.80458518188803,
    67.65102301273309,
    67.496116306032,
    67.43583306553437,
    67.19347134831864,
    67.19347134831864,
    67.19347134831864,
    67.19347134831864,
    67.13846761445274,
    69.57435326455337,
    69.57435326455337,
    69.57435326455337,
    68.92354544528048,
    68.92354544528048,
    68.77654606269721,
    68.77654606269721,
    68.77654606269721,
    67.50431362231619,
    67.50431362231619,
    67.50431362231619,
    66.74934628625527,
    66.74934628625527,
    66.57471793875939,
    66.57471793875939,
    80.95339394254826,
    80.95339394254826,
    80.95339394254826,
    83.65143137744205,
    83.65143137744205,
    83.65006672798818,
    83.49452770239787,
    82.13817154723078,
    81.56322803957438,
    81.56322803957438,
    81.56322803957438,
    80.77918066571502,
    80.77918066571502,
    80.77918066571502,
    80.77918066571502,
    80.77918066571502,
    80.77918066571502,
    1071.7508946790595,
    1071.7508946790595,
    1071.7508946790595,
    1071.7508946790595,
    1071.0643438863133,
    1069.5150109654826,
    1069.5150109654826,
    1069.5150109654826,
    1069.5150109654826,
    1069.3949579690538,
    1068.9516574268355,
    1068.9516574268355,
    1068.9516574268355,
    1068.9516574268355,
    1068.525871526165,
    1068.525871526165,
    1068.525871526165,
    1068.525871526165,
    1068.525871526165,
    1068.525871526165,
    1068.525871526165,
    1068.525871526165,
    1068.055642160908,
    1068.055642160908,
    1068.055642160908,
    1068.055642160908,
    1068.055642160908,
    1068.9439767937556,
    1068.8514372565817,
    1068.8514372565817,
    1068.8514372565817,
    1068.8514372565817,
    1068.8514372565817,
    1068.8514372565817,
    1068.8514372565817,
    1068.8514372565817,
    1068.8514372565817,
    1068.8514372565817,
    1068.8514372565817,
    1068.8514372565817,
    1068.8514372565817,
    1068.8514372565817,
    1068.8514372565817,
    1068.8514372565817,
    1068.8514372565817,
    1068.8514372565817,
    1071.4612731564148,
    1071.4612731564148
  ],
  "objective": "beta_gamma_ratio",