{
  "generation": [
    0,
    1,
    2,
    3,
    4,
    5,
    6,
    7,
    8,
    9,
    10,
    11,
    12,
    13,
    14,
    15,
    16,
    17,
    18,
    19,
    20,
    21,
    22,
    23,
    24,
    25,
    26,
    27,
    28,
    29,
    30,
    31,
    32,
    33,
    34,
    35,
    36,
    37,
    38,
    39,
    40,
    41,
    42,
    43,
    44,
    45,
    46,
    47,
    48,
    49,
    50,
    51,
    52,
    53,
    54,
    55,
    56,
    57,
    58,
    59,
    60,
    61,
    62,
    63,
    64,
    65,
    66,
    67,
    68,
    69,
    70,
    71,
    72,
    73,
    74,
    75,
    76,
    77,
    78,
    79,
    80,
    81,
    82,
    83,
    84,
    85,
    86,
    87,
    88,
    89,
    90,
    91,
    92,
    93,
    94,
    95,
    96,
    97,
    98,
    99,
    100
  ],
  "hypervolume": [
    47016204212.75329,
    47016204212.75329,
    47016204212.75329,
    47016204212.75329,
    47016204212.75329,
    47016204212.75329,
    47016204212.75329,
    47016204212.75329,
    47016204212.75329,
    47016204212.75329,
    47016204212.75329,
    47016204212.75329,
    47016204212.75329,
    47016204212.75329,
    47016204212.75329,
    47016204212.75329,
    47016204212.75329,
    47016204212.75329,
    47016204212.75329,
    47016204212.75329,
    47016204212.75329,
    47016204212.75329,
    47016204212.75329,
    47016204212.75329,
    47016204212.75329,
    47016204212.75329,
    47016204212.75329,
    47016204212.75329,
    47016204212.75329,
    47016204212.75329,
    47016204212.75329,
    47016204212.75329,
    47016204212.75329,
    47016204212.75329,
    47016204212.75329,
    47016204212.75329,
    47016204212.75329,
    47016204212.75329,
    47016204212.75329,
    47016204212.75329,
    47016204212.75329,
    47016204212.75329,
    47016204212.75329,
    47016204212.75329,
    47016204212.75329,
    47016204212.75329,
    47016204212.75329,
    47016204212.75329,
    47016204212.75329,
    47016204212.75329,
    47016204212.75329,
    47016204212.75329,
    47016204212.75329,
    47016204212.75329,
    47016204212.75329,
    47016204212.75329,
    47016204212.75329,
    47016204212.75329,
    47016204212.75329,
    47016204212.75329,
    47016204212.75329,
    47016204212.75329,
    47016204212.75329,
    47016204212.75329,
    47016204212.75329,
    47016204212.75329,
    47016204212.75329,
    47016204212.75329,
    47016204212.75329,
    47016204212.75329,
    47016204212.75329,
    47016204212.75329,
    47016204212.75329,
    47016204212.75329,
    47016204212.75329,
    47016204212.75329,
    47016204212.75329,
    47016204212.75329,
    47016204212.75329,
    47016204212.75329,
    47016204212.75329,
    47016204212.75329,
    47016204212.75329,
    47016204212.75329,
    47016204212.75329,
    47016204212.75329,
    47016204212.75329,
    47016204212.75329,
    47016204212.75329,
    47016204212.75329,
    47016204212.75329,
    47016204212.75329,
    47016204212.75329,
    47016204212.75329,
    47016204212.75329,
    47016204212.75329,
    47016204212.75329,
    47016204212.75329,
    47016204212.75329,
    47016204212.75329,
    47016204212.75329
  ],
  "max_beta": [
    49.96142914327957,
    49.96142914327957,
    49.96142914327957,
    49.96142914327957,
    49.96142914327957,
    49.96142914327957,
    49.96142914327957,
    49.96142914327957,
    49.96142914327957,
    49.96142914327957,
    49.96142914327957,
    49.96142914327957,
    49.96142914327957,
    49.96142914327957,
    49.96142914327957,
    49.96142914327957,
    49.96142914327957,
    49.96142914327957,
    236.91612472257748,
    236.91612472257748,
    236.91612472257748,
    236.91612472257748,
    236.91612472257748,
    236.91612472257748,
    236.91612472257748,
    236.91612472257748,
    236.91612472257748,
    236.91612472257748,
    236.91612472257748,
    236.91612472257748,
    236.91612472257748,
    236.91612472257748,
    236.91612472257748,
    236.91612472257748,
    236.91612472257748,
    236.91612472257748,
    74028.40037603285,
    74028.40037603285,
    74028.40037603285,
    74028.40037603285,
    74028.40037603285,
    74028.40037603285,
    74028.40037603285,
    74028.40037603285,
    74028.40037603285,
    74028.40037603285,
    74028.40037603285,
    74028.40037603285,
    74028.40037603285,
    74028.40037603285,
    74028.40037603285,
    74028.40037603285,
    74028.40037603285,
    74028.40037603285,
    74028.40037603285,
    74028.40037603285,
    74028.40037603285,
    74028.40037603285,
    74028.40037603285,
    74028.40037603285,
    74028.40037603285,
    74028.40037603285,
    74028.40037603285,
    74028.40037603285,
    74028.40037603285,
    74028.40037603285,
    74028.40037603285,
    74028.40037603285,
    74028.40037603285,
    74028.40037603285,
    74028.40037603285,
    74028.40037603285,
    74028.40037603285,
    74028.40037603285,
    74028.40037603285,
    74028.40037603285,
    74028.40037603285,
    74028.40037603285,
    74028.40037603285,
    74028.40037603285,
    74028.40037603285,
    74028.40037603285,
    74028.40037603285,
    74028.40037603285,
    74028.40037603285,
    74028.40037603285,
    74028.40037603285,
    74028.40037603285,
    74028.40037603285,
    74028.40037603285,
    74028.40037603285,
    74028.40037603285,
    74028.40037603285,
    74028.40037603285,
    74028.40037603285,
    74028.40037603285,
    74028.40037603285,
    74028.40037603285,
    74028.40037603285,
    74028.40037603285,
    74028.40037603285
  ],
  "avg_beta": [
    6.838405364852211,
    5.700310662931071,
    4.3400250403588725,
    5.086054415452663,
    5.9371218294315256,
    5.803482595405287,
    5.083860721159744,
    4.947759005477888,
    3.9108728083599105,
    5.25637137183533,
    5.868810211751089,
    6.131048034523337,
    6.010139983509587,
    4.640609940280892,
    5.030238091658942,
    4.944863015422604,
    4.261046940385721,
    4.825681975118554,
    15.361418903863386,
    13.326380824665327,
    14.088491924817585,
    14.818543290074349,
    12.893134791387194,
    12.97967739905639,
    13.898028407423984,
    13.024978249156627,
    13.98392434560858,
    13.562757336562152,
    13.660405452981584,
    13.516373845299308,
    15.847886601397779,
    15.391762178742542,
    14.922395426413733,
    14.264892001614275,
    13.92056193781227,
    13.936078189622865,
    3703.61565902713,
    3703.287412024627,
    3702.7570611295064,
    3703.005105608373,
    3703.6573946255276,
    3704.527345241176,
    3703.319615112146,
    3703.7608476686682,
    3703.234480319837,
    3703.276795284495,
    3704.7935970290405,
    3703.3623920852106,
    3704.719450552562,
    3704.056363978297,
    3704.188515735408,
    3703.344342403617,
    3705.0403589604357,
    3704.8673203772546,
    3704.2728458496167,
    3704.0308278000484,
    3704.3117179913634,
    3703.458550705482,
    3703.530266588795,
    3703.463249254266,
    3703.1701416335127,
    3704.0006737181693,
    3704.9032103679447,
    3702.940967723207,
    3703.6056097903675,
    3702.904539922564,
    3703.7957538595774,
    3703.674377444281,
    3703.535057218928,
    3703.470491407931,
    3702.5392824643363,
    3703.9567460598228,
    3703.8111239774444,
    3705.155914338786,
    3704.5657267915058,
    3704.575246716766,
    3705.430672433028,
    3704.695472412289,
    3704.1643598579294,
    3703.5404577496033,
    3704.1094474387623,
    3704.744015604021,
    3704.515729795625,
    3703.703862762867,
    3703.7972271102344,
    3703.2600556731995,
    3704.5914911499626,
    3704.0695238089747,
    3704.3940950064307,
    3703.79635728841,
    3703.782026355874,
    3704.2279228528737,
    3705.4141753953418,
    3704.3813703526926,
    3704.3990948584906,
    3703.3205663858826,
    3703.348171522501,
    3704.141917470474,
    3702.717858931303,
    3703.1934810751713,
    3702.9854578080754
  ],