{
  "generations": [
    0,
    1,
    2,
    3,
    4,
    5,
    6,
    7,
    8,
    9,
    10,
    11,
    12,
    13,
    14,
    15,
    16,
    17,
    18,
    19,
    20,
    21,
    22,
    23,
    24,
    25,
    26,
    27,
    28,
    29,
    30,
    31,
    32,
    33,
    34,
    35,
    36,
    37,
    38,
    39,
    40,
    41,
    42,
    43,
    44,
    45,
    46,
    47,
    48,
    49,
    50,
    51,
    52,
    53,
    54,
    55,
    56,
    57,
    58,
    59,
    60,
    61,
    62,
    63,
    64,
    65,
    66,
    67,
    68,
    69,
    70,
    71,
    72,
    73,
    74,
    75,
    76,
    77,
    78,
    79,
    80,
    81,
    82,
    83,
    84,
    85,
    86,
    87,
    88,
    89,
    90,
    91,
    92,
    93,
    94,
    95,
    96,
    97,
    98,
    99,
    100
  ],
  "best_fitness": [
    8.114617103140127,
    8.114617103140127,
    8.706072372999305,
    8.868391638844535,
    9.051585393008239,
    21.20116625310174,
    21.20116625310174,
    21.20116625310174,
    21.20116625310174,
    21.20116625310174,
    98.51878453038674,
    98.51878453038674,
    98.51878453038674,
    98.51878453038674,
    98.51878453038674,
    98.51878453038674,
    98.51878453038674,
    98.51878453038674,
    98.51878453038674,
    98.51878453038674,
    98.51878453038674,
    98.51878453038674,
    98.51878453038674,
    98.51878453038674,
    98.51878453038674,
    157.7826810990841,
    157.7826810990841,
    157.7826810990841,
    157.7826810990841,
    157.7826810990841,
    157.7826810990841,
    157.7826810990841,
    157.7826810990841,
    1769.359095193214,
    1769.359095193214,
    1769.359095193214,
    1769.359095193214,
    1769.359095193214,
    1769.359095193214,
    1769.359095193214,
    1769.359095193214,
    1769.359095193214,
    1769.359095193214,
    1769.359095193214,
    1769.359095193214,
    1769.359095193214,
    1769.359095193214,
    1769.359095193214,
    1769.359095193214,
    1769.359095193214,
    1769.359095193214,
    1769.359095193214,
    1769.359095193214,
    1769.359095193214,
    1769.359095193214,
    1769.359095193214,
    1769.359095193214,
    1769.359095193214,
    1769.359095193214,
    1769.359095193214,
    1769.359095193214,
    1769.359095193214,
    1769.359095193214,
    1769.359095193214,
    1769.359095193214,
    1769.359095193214,
    1769.359095193214,
    1769.359095193214,
    1769.359095193214,
    1769.359095193214,
    1769.359095193214,
    1769.359095193214,
    1769.359095193214,
    1769.359095193214,
    1769.359095193214,
    1769.359095193214,
    1769.359095193214,
    1769.359095193214,
    1769.359095193214,
    1769.359095193214,
    1769.359095193214,
    1769.359095193214,
    1769.359095193214,
    1769.359095193214,
    1769.359095193214,
    1769.359095193214,
    1769.359095193214,
    1769.359095193214,
    1769.359095193214,
    1769.359095193214,
    1769.359095193214,
    1769.359095193214,
    1769.359095193214,
    1769.359095193214,
    1769.359095193214,
    1769.359095193214,
    1769.359095193214,
    1769.359095193214,
    1769.359095193214,
    1769.359095193214,
    1769.359095193214
  ],
  "mean_fitness": [
    -17.23592647230624,
    5.335315616212636,
    6.165655175015056,
    6.719858336836838,
    7.3803672636516975,
    8.384291028024048,
    9.039300215054828,
    9.365162916832919,
    9.91056529609553,
    10.13908490734066,
    14.942075363283914,
    14.942075363283914,
    15.071988494810046,
    15.370668433980033,
    15.370668433980033,
    15.578409482291644,
    17.39456697135298,
    19.718759440876827,
    21.53139852767254,
    21.692978711118236,
    22.340622853606824,
    22.373946782209266,
    25.507367093480784,
    26.033300235582495,
    26.033300235582495,
    33.55898543321739,
    33.807587319464005,
    33.96684301494088,
    33.96986422982588,
    33.96986422982588,
    33.96986422982588,
    35.79174322579935,
    36.351451218301065,
    124.415467665606,
    124.415467665606,
    126.4358526181901,
    126.4358526181901,
    129.77060213961443,
    221.2553422097605,
    221.2553422097605,
    221.3240685670486,
    224.32071588613266,
    227.15332528316125,
    228.92724152900342,
    232.2976309596101,
    232.2976309596101,
    232.2976309596101,
    234.95541552316394,
    234.95541552316394,
    235.79519595079555,
    237.33549841701182,
    237.6618480139378,
    238.38938388378557,
    240.12378918740788,
    240.12378918740788,
    245.69676256459343,
    246.0057028425406,
    247.1413405021673,
    267.20543650370894,
    268.50762323493154,
    268.50762323493154,
    270.1822578396892,
    270.1822578396892,
    270.1822578396892,
    270.1822578396892,
    270.1822578396892,
    288.2939695956436,
    288.2939695956436,
    288.2939695956436,
    288.2939695956436,
    288.2939695956436,
    293.09533801439767,
    305.8154203994014,
    305.8154203994014,
    305.8154203994014,
    305.8154203994014,
    336.4346846431413,
    337.862419530185,
    337.862419530185,
    337.862419530185,
    337.862419530185,
    337.862419530185,
    350.00781043642917,
    350.00781043642917,
    350.00781043642917,
    350.00781043642917,
    350.00781043642917,
    350.00781043642917,
    350.00781043642917,
    350.00781043642917,
    351.15164421751103,
    351.15164421751103,
    351.15164421751103,
    352.85827785415916,
    353.0780164317333,
    353.59391494350905,
    353.59391494350905,
    353.59391494350905,
    353.59391494350905,
    366.27139801204015,
    366.27139801204015
  ],
  "std_fitness": [
    89.61462311231105,
    1.2096137483549245,
    1.0777408278515908,
    1.0056842950863234,
    1.0098569999947093,
    3.0520328003884427,
    2.9795042862792345,
    2.873066385822556,
    3.1192350135038014,
    3.0665135119917117,
    19.407144845201074,
    19.407144845201074,
    19.37112644489731,
    19.299348327672316,
    19.299348327672316,
    19.247990411173685,
    19.777554830368885,
    21.016360800282147,
    21.18587720673749,
    21.110921482524738,
    20.832090204129138,
    20.81424401335939,
    23.382299941205957,
    23.179615026054844,
    23.179615026054844,
    36.51250432967886,
    36.37559490750339,
    36.28942420893945,
    36.28766285251539,
    36.28766285251539,
    36.28766285251539,
    35.84282785472324,
    35.57194797428476,
    378.99609888653396,
    378.99609888653396,
    378.5080827148537,
    378.5080827148537,
    377.8089398232885,
    478.247640170907,
    478.247640170907,
    478.2183150211826,
    477.08470865142027,
    475.98715327109574,
    475.27770082301095,
    474.0420565484619,
    474.0420565484619,
    474.0420565484619,
    473.0091171003747,
    473.0091171003747,
    472.6493019395616,
    472.0084366123836,
    471.8739675331723,
    471.57964308778423,
    470.91447591734254,
    470.91447591734254,
    469.15283593488067,
    469.0237979843885,
    468.578490811162,
    468.40581936381153,
    467.844408394998,
    467.844408394998,
    467.1335040620178,
    467.1335040620178,
    467.1335040620178,
    467.1335040620178,
    467.1335040620178,
    465.43775679814127,
    465.43775679814127,
    465.43775679814127,
    465.43775679814127,
    465.43775679814127,
    463.50228328059103,
    460.2867357878536,
    460.2867357878536,
    460.2867357878536,
    460.2867357878536,
    453.8172934540075,
    453.0317007206933,
    453.0317007206933,
    453.0317007206933,
    453.0317007206933,
    453.0317007206933,
    449.03619484669514,
    449.03619484669514,
    449.03619484669514,
    449.03619484669514,
    449.03619484669514,
    449.03619484669514,
    449.03619484669514,
    449.03619484669514,
    448.36506291549483,
    448.36506291549483,
    448.36506291549483,
    447.3790157558094,
    447.24553800542645,
    446.9385912610238,
    446.9385912610238,
    446.9385912610238,
    446.9385912610238,
    442.67175718988614,
    442.67175718988614
  ],
  "objective": "beta_gamma_ratio",