{
  "generation": [
    0,
    1,
    2,
    3,
    4,
    5,
    6,
    7,
    8,
    9,
    10,
    11,
    12,
    13,
    14,
    15,
    16,
    17,
    18,
    19,
    20,
    21,
    22,
    23,
    24,
    25,
    26,
    27,
    28,
    29,
    30,
    31,
    32,
    33,
    34,
    35,
    36,
    37,
    38,
    39,
    40,
    41,
    42,
    43,
    44,
    45,
    46,
    47,
    48,
    49,
    50,
    51,
    52,
    53,
    54,
    55,
    56,
    57,
    58,
    59,
    60,
    61,
    62,
    63,
    64,
    65,
    66,
    67,
    68,
    69,
    70,
    71,
    72,
    73,
    74,
    75,
    76,
    77,
    78,
    79,
    80,
    81,
    82,
    83,
    84,
    85,
    86,
    87,
    88,
    89,
    90,
    91,
    92,
    93,
    94,
    95,
    96,
    97,
    98,
    99,
    100
  ],
  "hypervolume": [
    6287082797.399428,
    6287082797.399428,
    6287082797.399428,
    6287082797.399428,
    6287082797.399428,
    6287082797.399428,
    6287082797.399428,
    6287082797.399428,
    6287082797.399428,
    6287082797.399428,
    6287082797.399428,
    6287082797.399428,
    6287082797.399428,
    6287082797.399428,
    6287082797.399428,
    6287082797.399428,
    6287082797.399428,
    6287082797.399428,
    6287082797.399428,
    6287082797.399428,
    6287082797.399428,
    6287082797.399428,
    6287082797.399428,
    6287082797.399428,
    6287082797.399428,
    6287082797.399428,
    6287082797.399428,
    6287082797.399428,
    6287082797.399428,
    6287082797.399428,
    6287082797.399428,
    6287082797.399428,
    6287082797.399428,
    6287082797.399428,
    6287082797.399428,
    6287082797.399428,
    6287082797.399428,
    6287082797.399428,
    6287082797.399428,
    6287082797.399428,
    6287082797.399428,
    6287082797.399428,
    6287082797.399428,
    6287082797.399428,
    6287082797.399428,
    6287082797.399428,
    6287082797.399428,
    6287082797.399428,
    6287082797.399428,
    6287082797.399428,
    6287082797.399428,
    6287082797.399428,
    6287082797.399428,
    6287082797.399428,
    6287082797.399428,
    6287082797.399428,
    6287082797.399428,
    6287082797.399428,
    6287082797.399428,
    6287082797.399428,
    6287082797.399428,
    6287082797.399428,
    6287082797.399428,
    6287082797.399428,
    6287082797.399428,
    6287082797.399428,
    6287082797.399428,
    6287082797.399428,
    6287082797.399428,
    6287082797.399428,
    6287082797.399428,
    6287082797.399428,
    6287082797.399428,
    6287082797.399428,
    6287082797.399428,
    6287082797.399428,
    6287082797.399428,
    6287082797.399428,
    6287082797.399428,
    6287082797.399428,
    6287082797.399428,
    6287082797.399428,
    6287082797.399428,
    6287082797.399428,
    6287082797.399428,
    6287082797.399428,
    6287082797.399428,
    6287082797.399428,
    6287082797.399428,
    6287082797.399428,
    6287082797.399428,
    6287082797.399428,
    6287082797.399428,
    6287082797.399428,
    6287082797.399428,
    6287082797.399428,
    6287082797.399428,
    6287082797.399428,
    6287082797.399428,
    6287082797.399428,
    6287082797.399428
  ],
  "max_beta": [
    6.417988236579817,
    8.104259034306075,
    11.805777000079496,
    42.54312573107971,
    487.4708042794853,
    487.4708042794853,
    487.4708042794853,
    487.4708042794853,
    487.4708042794853,
    487.4708042794853,
    487.4708042794853,
    487.4708042794853,
    487.4708042794853,
    487.4708042794853,
    487.4708042794853,
    487.4708042794853,
    487.4708042794853,
    487.4708042794853,
    487.4708042794853,
    487.4708042794853,
    487.4708042794853,
    487.4708042794853,
    487.4708042794853,
    487.4708042794853,
    487.4708042794853,
    487.4708042794853,
    487.4708042794853,
    487.4708042794853,
    487.4708042794853,
    487.4708042794853,
    487.4708042794853,
    487.4708042794853,
    487.4708042794853,
    487.4708042794853,
    487.4708042794853,
    487.4708042794853,
    487.4708042794853,
    487.4708042794853,
    487.4708042794853,
    487.4708042794853,
    487.4708042794853,
    487.4708042794853,
    487.4708042794853,
    487.4708042794853,
    487.4708042794853,
    487.4708042794853,
    487.4708042794853,
    487.4708042794853,
    487.4708042794853,
    487.4708042794853,
    487.4708042794853,
    487.4708042794853,
    487.4708042794853,
    487.4708042794853,
    487.4708042794853,
    487.4708042794853,
    487.4708042794853,
    487.4708042794853,
    487.4708042794853,
    487.4708042794853,
    487.4708042794853,
    487.4708042794853,
    487.4708042794853,
    487.4708042794853,
    487.4708042794853,
    487.4708042794853,
    487.4708042794853,
    487.4708042794853,
    487.4708042794853,
    487.4708042794853,
    487.4708042794853,
    487.4708042794853,
    487.4708042794853,
    487.4708042794853,
    487.4708042794853,
    487.4708042794853,
    487.4708042794853,
    487.4708042794853,
    487.4708042794853,
    487.4708042794853,
    487.4708042794853,
    487.4708042794853,
    487.4708042794853,
    487.4708042794853,
    487.4708042794853,
    487.4708042794853,
    487.4708042794853,
    487.4708042794853,
    487.4708042794853,
    487.4708042794853,
    487.4708042794853,
    487.4708042794853,
    487.4708042794853,
    487.4708042794853,
    487.4708042794853,
    487.4708042794853,
    487.4708042794853,
    487.4708042794853,
    487.4708042794853,
    487.4708042794853,
    487.4708042794853
  ],
  "avg_beta": [
    2.886680351371484,
    2.7285742463561578,
    3.046359426880475,
    4.396788450828586,
    28.604531490464332,
    26.784688311813944,
    27.687951317634724,
    26.550066165037613,
    26.787016720631858,
    28.7604495589138,
    25.00193907049111,
    28.052162697133063,
    27.266225925844168,
    26.319379896265254,
    26.898360997849903,
    29.5657673529666,
    29.90185849898332,
    29.31033517379213,
    29.379502568480707,
    29.194987466973355,
    28.056239416017075,
    31.711303915209363,
    31.47859367508753,
    31.21496223479731,
    30.02961918540411,
    29.568483002411018,
    30.83415168886126,
    29.939952216597163,
    28.865659050247622,
    29.20120670061512,
    29.155810763374763,
    29.033218778292024,
    28.029723586424787,
    28.188902860078905,
    28.164354805419674,
    24.799579832746762,
    25.238140683748963,
    25.335903210240268,
    25.451608386019338,
    25.24720870229918,
    27.456273042312024,
    28.85217118745134,
    26.889338929343335,
    28.933563519572214,
    27.489180418906766,
    27.633410555457356,
    28.122640258514117,
    26.889852197066876,
    32.935234904911525,
    28.44858724284351,
    27.89477018017349,
    28.645640743101275,
    28.598068499112202,
    28.418232891625088,
    29.08759887358115,
    28.921792285007875,
    29.07396150674341,
    28.69369473916139,
    29.31315120312887,
    28.43290948399157,
    28.060220721660034,
    28.515200348558142,
    28.284508219847936,
    30.632104293315592,
    29.73953715327712,
    28.82202544635728,
    39.22188427980576,
    30.24670360231416,
    29.803560375132047,
    31.326027963839618,
    28.915051161616496,
    29.498214374768487,
    29.759395008122823,
    29.89395716140836,
    30.137815028254558,
    29.186510750611518,
    29.841764011010163,
    30.04112472054365,
    28.907420862144654,
    28.876063604587547,
    29.944348635610318,
    29.227721641484486,
    27.990851082159754,
    28.007403038641748,
    27.749612727276677,
    28.15726344891693,
    26.678959491659562,
    26.713449355607555,
    27.618507890891856,
    28.33888823284945,
    28.2046750833726,
    26.63226932112902,
    26.46494264549066,
    28.0056057866436,
    27.851776458626478,
    30.55624383128825,
    28.642546734972864,
    28.765211860276043,
    30.74255031060752,
    29.236290686550138,
    30.443996842299338
  ],