{
  "generation": [
    0,
    1,
    2,
    3,
    4,
    5,
    6,
    7,
    8,
    9,
    10,
    11,
    12,
    13,
    14,
    15,
    16,
    17,
    18,
    19,
    20,
    21,
    22,
    23,
    24,
    25,
    26,
    27,
    28,
    29,
    30,
    31,
    32,
    33,
    34,
    35,
    36,
    37,
    38,
    39,
    40,
    41,
    42,
    43,
    44,
    45,
    46,
    47,
    48,
    49,
    50,
    51,
    52,
    53,
    54,
    55,
    56,
    57,
    58,
    59,
    60,
    61,
    62,
    63,
    64,
    65,
    66,
    67,
    68,
    69,
    70,
    71,
    72,
    73,
    74,
    75,
    76,
    77,
    78,
    79,
    80,
    81,
    82,
    83,
    84,
    85,
    86,
    87,
    88,
    89,
    90,
    91,
    92,
    93,
    94,
    95,
    96,
    97,
    98,
    99,
    100
  ],
  "hypervolume": [
    14410332081.825724,
    14410332081.825724,
    14410332081.825724,
    14410332081.825724,
    14410332081.825724,
    14410332081.825724,
    14410332081.825724,
    14410332081.825724,
    14410332081.825724,
    14410332081.825724,
    14410332081.825724,
    14410332081.825724,
    14410332081.825724,
    14410332081.825724,
    14410332081.825724,
    14410332081.825724,
    14410332081.825724,
    14410332081.825724,
    14410332081.825724,
    14410332081.825724,
    14410332081.825724,
    14410332081.825724,
    14410332081.825724,
    14410332081.825724,
    14410332081.825724,
    14410332081.825724,
    14410332081.825724,
    14410332081.825724,
    14410332081.825724,
    14410332081.825724,
    14410332081.825724,
    14410332081.825724,
    14410332081.825724,
    14410332081.825724,
    14410332081.825724,
    14410332081.825724,
    14410332081.825724,
    14410332081.825724,
    14410332081.825724,
    14410332081.825724,
    14410332081.825724,
    14410332081.825724,
    14410332081.825724,
    14410332081.825724,
    14410332081.825724,
    14410332081.825724,
    14410332081.825724,
    14410332081.825724,
    14410332081.825724,
    14410332081.825724,
    14410332081.825724,
    14410332081.825724,
    14410332081.825724,
    14410332081.825724,
    14410332081.825724,
    14410332081.825724,
    14410332081.825724,
    14410332081.825724,
    14410332081.825724,
    14410332081.825724,
    14410332081.825724,
    14410332081.825724,
    14410332081.825724,
    14410332081.825724,
    14410332081.825724,
    14410332081.825724,
    14410332081.825724,
    14410332081.825724,
    14410332081.825724,
    14410332081.825724,
    14410332081.825724,
    14410332081.825724,
    14410332081.825724,
    14410332081.825724,
    14410332081.825724,
    14410332081.825724,
    14410332081.825724,
    14410332081.825724,
    14410332081.825724,
    14410332081.825724,
    14410332081.825724,
    14410332081.825724,
    14410332081.825724,
    14410332081.825724,
    14410332081.825724,
    14410332081.825724,
    14410332081.825724,
    14410332081.825724,
    14410332081.825724,
    14410332081.825724,
    14410332081.825724,
    14410332081.825724,
    14410332081.825724,
    14410332081.825724,
    14410332081.825724,
    14410332081.825724,
    14410332081.825724,
    14410332081.825724,
    14410332081.825724,
    14410332081.825724,
    14410332081.825724
  ],
  "max_beta": [
    15.163127905348837,
    856.1576409995358,
    856.1576409995358,
    856.1576409995358,
    856.1576409995358,
    856.1576409995358,
    856.1576409995358,
    856.1576409995358,
    856.1576409995358,
    856.1576409995358,
    856.1576409995358,
    856.1576409995358,
    856.1576409995358,
    856.1576409995358,
    856.1576409995358,
    856.1576409995358,
    856.1576409995358,
    856.1576409995358,
    856.1576409995358,
    856.1576409995358,
    856.1576409995358,
    856.1576409995358,
    856.1576409995358,
    856.1576409995358,
    856.1576409995358,
    856.1576409995358,
    856.1576409995358,
    856.1576409995358,
    856.1576409995358,
    856.1576409995358,
    856.1576409995358,
    856.1576409995358,
    856.1576409995358,
    856.1576409995358,
    856.1576409995358,
    856.1576409995358,
    856.1576409995358,
    856.1576409995358,
    856.1576409995358,
    856.1576409995358,
    856.1576409995358,
    856.1576409995358,
    856.1576409995358,
    856.1576409995358,
    856.1576409995358,
    856.1576409995358,
    856.1576409995358,
    856.1576409995358,
    856.1576409995358,
    856.1576409995358,
    856.1576409995358,
    856.1576409995358,
    856.1576409995358,
    856.1576409995358,
    856.1576409995358,
    856.1576409995358,
    856.1576409995358,
    856.1576409995358,
    856.1576409995358,
    856.1576409995358,
    856.1576409995358,
    856.1576409995358,
    856.1576409995358,
    856.1576409995358,
    856.1576409995358,
    856.1576409995358,
    856.1576409995358,
    856.1576409995358,
    856.1576409995358,
    856.1576409995358,
    856.1576409995358,
    856.1576409995358,
    856.1576409995358,
    856.1576409995358,
    856.1576409995358,
    856.1576409995358,
    856.1576409995358,
    856.1576409995358,
    856.1576409995358,
    856.1576409995358,
    856.1576409995358,
    856.1576409995358,
    856.1576409995358,
    856.1576409995358,
    1431.441060787956,
    1431.441060787956,
    1431.441060787956,
    1431.441060787956,
    1431.441060787956,
    1431.441060787956,
    1431.441060787956,
    1431.441060787956,
    1431.441060787956,
    1431.441060787956,
    1431.441060787956,
    1431.441060787956,
    1431.441060787956,
    1431.441060787956,
    1431.441060787956,
    1431.441060787956,
    1431.441060787956
  ],
  "avg_beta": [
    -3.5041126049646962,
    46.799782248682334,
    45.74545954906348,
    46.15295570193854,
    46.06388663801765,
    45.994217294135595,
    46.121373556372376,
    47.92281486246084,
    48.20347313304096,
    47.15115995203019,
    47.4710417094505,
    47.2746020604959,
    48.21884862458661,
    47.07987304244305,
    46.56477896604836,
    47.17556701898577,
    44.971947074304026,
    46.17592154289055,
    46.2169642536167,
    46.37580098535807,
    46.848334226661464,
    46.75825114559813,
    48.7890336053283,
    46.459030096537575,
    46.87104799677269,
    46.24533893745041,
    46.811738128489154,
    46.811962724859995,
    47.960857135722044,
    46.799750058089,
    67.8782516745679,
    46.75277621253114,
    46.05056665690448,
    45.9097733774767,
    46.892795370011065,
    46.4237648619849,
    47.84698871050421,
    46.04009863636138,
    45.58051065842853,
    45.98162067562676,
    46.06864250672157,
    48.32005796603762,
    46.33540593086441,
    45.401935364290445,
    46.340619013891356,
    46.420261821778865,
    47.3786451186231,
    46.59456466965075,
    48.176873523527675,
    46.77938291509739,
    46.51736173220362,
    46.1246522912187,
    46.1712510560021,
    46.829075669621254,
    46.60782813535967,
    45.89633690161607,
    45.382048076292996,
    45.39193766131912,
    46.7557326261276,
    45.3415695039768,
    44.991797314329006,
    45.65920769172983,
    46.15289940008752,
    45.47835879691605,
    45.999478914265474,
    47.183950974395955,
    46.167909118417654,
    46.472642033026354,
    47.238855458109335,
    47.21092511315494,
    47.577875835090005,
    49.4625735708965,
    47.543070388078284,
    45.54654278653052,
    48.83674998388972,
    47.569153975705305,
    46.293221311722746,
    47.70855222135263,
    47.583382192007996,
    47.189339128285695,
    50.354484307922995,
    50.46864342270755,
    50.39946334338064,
    50.06443142193358,
    79.45160579203649,
    81.59062637864322,
    83.01522854689476,
    82.37721185454781,
    79.8281939930166,
    81.1549099083503,
    84.43817656247334,
    81.83420816863419,
    82.32345064421241,
    79.96224007417686,
    83.43190188613019,
    79.60646627355553,
    81.04631148929158,
    83.50227848216102,
    80.0337163368139,
    101.28816402210869,
    75.72839392498172
  ],