{
  "generations": [
    0,
    1,
    2,
    3,
    4,
    5,
    6,
    7,
    8,
    9,
    10,
    11,
    12,
    13,
    14,
    15,
    16,
    17,
    18,
    19,
    20,
    21,
    22,
    23,
    24,
    25,
    26,
    27,
    28,
    29,
    30,
    31,
    32,
    33,
    34,
    35,
    36,
    37,
    38,
    39,
    40,
    41,
    42,
    43,
    44,
    45,
    46,
    47,
    48,
    49,
    50,
    51,
    52,
    53,
    54,
    55,
    56,
    57,
    58,
    59,
    60,
    61,
    62,
    63,
    64,
    65,
    66,
    67,
    68,
    69,
    70,
    71,
    72,
    73,
    74,
    75,
    76,
    77,
    78,
    79,
    80,
    81,
    82,
    83,
    84,
    85,
    86,
    87,
    88,
    89,
    90,
    91,
    92,
    93,
    94,
    95,
    96,
    97,
    98,
    99,
    100
  ],
  "best_fitness": [
    9.02362171331637,
    9.02362171331637,
    10.167710597826087,
    14.805243272144002,
    14.805243272144002,
    14.805243272144002,
    14.805243272144002,
    14.805243272144002,
    15.196683681870576,
    15.196683681870576,
    18.041110169491525,
    18.041110169491525,
    26.449749712313004,
    26.449749712313004,
    26.449749712313004,
    26.449749712313004,
    26.449749712313004,
    26.449749712313004,
    26.449749712313004,
    26.449749712313004,
    26.449749712313004,
    854.020238095238,
    854.020238095238,
    854.020238095238,
    854.020238095238,
    1638.8795828065738,
    1638.8795828065738,
    1638.8795828065738,
    1638.8795828065738,
    1638.8795828065738,
    1638.8795828065738,
    1638.8795828065738,
    1638.8795828065738,
    1638.8795828065738,
    1638.8795828065738,
    1638.8795828065738,
    1638.8795828065738,
    1638.8795828065738,
    1638.8795828065738,
    1638.8795828065738,
    1638.8795828065738,
    1638.8795828065738,
    1638.8795828065738,
    1638.8795828065738,
    1638.8795828065738,
    1638.8795828065738,
    1638.8795828065738,
    1638.8795828065738,
    1638.8795828065738,
    1638.8795828065738,
    1638.8795828065738,
    1638.8795828065738,
    1638.8795828065738,
    1638.8795828065738,
    1638.8795828065738,
    1638.8795828065738,
    1638.8795828065738,
    1638.8795828065738,
    1638.8795828065738,
    1638.8795828065738,
    1638.8795828065738,
    1638.8795828065738,
    1638.8795828065738,
    1638.8795828065738,
    1638.8795828065738,
    1638.8795828065738,
    1638.8795828065738,
    1638.8795828065738,
    1638.8795828065738,
    1638.8795828065738,
    1638.8795828065738,
    1638.8795828065738,
    1638.8795828065738,
    1638.8795828065738,
    1638.8795828065738,
    1638.8795828065738,
    1638.8795828065738,
    1638.8795828065738,
    1638.8795828065738,
    1638.8795828065738,
    1638.8795828065738,
    1638.8795828065738,
    1638.8795828065738,
    1638.8795828065738,
    1638.8795828065738,
    1638.8795828065738,
    1638.8795828065738,
    1638.8795828065738,
    1638.8795828065738,
    1638.8795828065738,
    1638.8795828065738,
    1638.8795828065738,
    1638.8795828065738,
    1638.8795828065738,
    1638.8795828065738,
    1638.8795828065738,
    1638.8795828065738,
    1638.8795828065738,
    1638.8795828065738,
    1638.8795828065738,
    1638.8795828065738
  ],
  "mean_fitness": [
    2.792559620526071,
    5.595803952275855,
    6.6369840502810735,
    7.636823938125188,
    7.824988793132971,
    7.926880916717529,
    8.340576398277822,
    8.91311668224378,
    9.541852816078118,
    10.021799325530825,
    11.37982248846381,
    11.693969172034139,
    12.587239456483609,
    12.808577614940498,
    12.819599109182647,
    13.852499402949386,
    14.254129893503961,
    14.3392017258838,
    14.843261579405768,
    15.220617514909213,
    15.220617514909213,
    57.575381731854804,
    57.575381731854804,
    58.36513239377341,
    59.19151983781522,
    141.49183311909584,
    141.95687183181303,
    141.95687183181303,
    142.42605274909232,
    145.67196583600486,
    147.54068287312015,
    151.42438556928653,
    171.96347446832814,
    171.96347446832814,
    177.62456987663774,
    177.62456987663774,
    178.71719695769767,
    178.9953743419543,
    180.6652099813992,
    181.05753704496442,
    181.05753704496442,
    181.05753704496442,
    181.05753704496442,
    181.34529473883634,
    181.34529473883634,
    189.9213082485907,
    190.03470962150405,
    192.0512292100264,
    192.26750141855157,
    192.26750141855157,
    194.22076392377284,
    194.22076392377284,
    194.41385934223246,
    194.54606116376357,
    194.54606116376357,
    198.15900276360685,
    198.15900276360685,
    198.15900276360685,
    208.22076961170305,
    208.22076961170305,
    209.93002163275324,
    209.93002163275324,
    209.93002163275324,
    209.93002163275324,
    209.93002163275324,
    209.93002163275324,
    210.18875862042722,
    210.26960859086398,
    211.43932958105742,
    212.7482718090825,
    225.47492802641392,
    255.1298395422043,
    255.1298395422043,
    255.1298395422043,
    255.18947229804297,
    313.3334309770743,
    313.3334309770743,
    313.3334309770743,
    313.3334309770743,
    313.3334309770743,
    320.7335018726923,
    320.7335018726923,
    320.7335018726923,
    320.7335018726923,
    320.7335018726923,
    320.7335018726923,
    320.7335018726923,
    320.90804813575176,
    368.63290933321866,
    368.63290933321866,
    382.41347489195516,
    382.41347489195516,
    397.45374591186646,
    397.45374591186646,
    397.45374591186646,
    397.45374591186646,
    397.45374591186646,
    397.45374591186646,
    397.45374591186646,
    397.45374591186646,
    399.7768335232498
  ],