{
  "generations": [
    0,
    1,
    2,
    3,
    4,
    5,
    6,
    7,
    8,
    9,
    10,
    11,
    12,
    13,
    14,
    15,
    16,
    17,
    18,
    19,
    20,
    21,
    22,
    23,
    24,
    25,
    26,
    27,
    28,
    29,
    30,
    31,
    32,
    33,
    34,
    35,
    36,
    37,
    38,
    39,
    40,
    41,
    42,
    43,
    44,
    45,
    46,
    47,
    48,
    49,
    50,
    51,
    52,
    53,
    54,
    55,
    56,
    57,
    58,
    59,
    60,
    61,
    62,
    63,
    64,
    65,
    66,
    67,
    68,
    69,
    70,
    71,
    72,
    73,
    74,
    75,
    76,
    77,
    78,
    79,
    80,
    81,
    82,
    83,
    84,
    85,
    86,
    87,
    88,
    89,
    90,
    91,
    92,
    93,
    94,
    95,
    96,
    97,
    98,
    99,
    100
  ],
  "best_fitness": [
    9.771983216783216,
    16.72026485054862,
    16.72026485054862,
    16.72026485054862,
    16.72026485054862,
    16.72026485054862,
    16.72026485054862,
    656.9010077519379,
    656.9010077519379,
    656.9010077519379,
    656.9010077519379,
    656.9010077519379,
    656.9010077519379,
    656.9010077519379,
    656.9010077519379,
    656.9010077519379,
    656.9010077519379,
    656.9010077519379,
    656.9010077519379,
    656.9010077519379,
    656.9010077519379,
    656.9010077519379,
    656.9010077519379,
    656.9010077519379,
    656.9010077519379,
    656.9010077519379,
    656.9010077519379,
    656.9010077519379,
    656.9010077519379,
    656.9010077519379,
    656.9010077519379,
    656.9010077519379,
    656.9010077519379,
    656.9010077519379,
    656.9010077519379,
    656.9010077519379,
    656.9010077519379,
    656.9010077519379,
    656.9010077519379,
    656.9010077519379,
    656.9010077519379,
    656.9010077519379,
    656.9010077519379,
    656.9010077519379,
    656.9010077519379,
    656.9010077519379,
    656.9010077519379,
    656.9010077519379,
    656.9010077519379,
    656.9010077519379,
    656.9010077519379,
    656.9010077519379,
    656.9010077519379,
    656.9010077519379,
    656.9010077519379,
    656.9010077519379,
    656.9010077519379,
    656.9010077519379,
    656.9010077519379,
    656.9010077519379,
    656.9010077519379,
    656.9010077519379,
    656.9010077519379,
    656.9010077519379,
    656.9010077519379,
    656.9010077519379,
    656.9010077519379,
    656.9010077519379,
    656.9010077519379,
    656.9010077519379,
    656.9010077519379,
    656.9010077519379,
    656.9010077519379,
    656.9010077519379,
    656.9010077519379,
    656.9010077519379,
    656.9010077519379,
    656.9010077519379,
    656.9010077519379,
    656.9010077519379,
    656.9010077519379,
    656.9010077519379,
    656.9010077519379,
    656.9010077519379,
    656.9010077519379,
    656.9010077519379,
    656.9010077519379,
    656.9010077519379,
    656.9010077519379,
    656.9010077519379,
    656.9010077519379,
    656.9010077519379,
    656.9010077519379,
    656.9010077519379,
    656.9010077519379,
    656.9010077519379,
    656.9010077519379,
    656.9010077519379,
    656.9010077519379,
    656.9010077519379,
    656.9010077519379
  ],
  "mean_fitness": [
    -49999996.01683299,
    7.181756989654373,
    8.629814917027728,
    9.091215930499207,
    10.218359458244937,
    10.496371859925812,
    10.660027220411983,
    43.19456676366659,
    43.617254544586785,
    46.413587725516706,
    46.903673567663056,
    47.21660883295692,
    47.23574883860327,
    47.80164786505916,
    47.80164786505916,
    48.38082431948481,
    48.38082431948481,
    48.43852304699281,
    48.43852304699281,
    48.43852304699281,
    48.470235875128466,
    48.6443878267687,
    48.6443878267687,
    49.04914401280706,
    49.04914401280706,
    49.515534864913626,
    49.60750936834022,
    51.17606232101817,
    51.34107279186727,
    51.3793903166751,
    51.3793903166751,
    51.42282553929118,
    51.65463955647768,
    51.65463955647768,
    64.0227895497224,
    64.0227895497224,
    64.0227895497224,
    64.23457030351706,
    64.23457030351706,
    64.23457030351706,
    64.24183566252636,
    64.24183566252636,
    64.24183566252636,
    72.88016693665358,
    72.88016693665358,
    72.88016693665358,
    73.35964396129862,
    73.69655188098262,
    73.69655188098262,
    73.69655188098262,
    73.71242467575865,
    73.71242467575865,
    73.71242467575865,
    73.7439299979634,
    73.7439299979634,
    77.96705285011055,
    78.16914211731655,
    78.31351519878538,
    78.31351519878538,
    78.31351519878538,
    78.31351519878538,
    78.31351519878538,
    78.31351519878538,
    88.59369531427137,
    88.59369531427137,
    88.87380248753809,
    88.8903212483722,
    94.25152141460025,
    101.4823153912015,
    101.4823153912015,
    103.460660275464,
    103.460660275464,
    104.23468859013653,
    104.32570484385835,
    107.09547546964502,
    107.09547546964502,
    107.4675157888114,
    107.4675157888114,
    107.4675157888114,
    107.613112071817,
    109.12908798586861,
    123.35540313004773,
    123.35540313004773,
    123.35540313004773,
    123.35540313004773,
    126.1430863380755,
    127.55810122345443,
    127.55810122345443,
    127.55810122345443,
    127.55810122345443,
    131.34077784420205,
    131.34077784420205,
    141.2491562204222,
    141.2491562204222,
    142.61089260900948,
    142.61089260900948,
    142.61089260900948,
    149.90587553793625,
    149.90587553793625,
    153.086466610033,
    153.086466610033
  ],
  "std_fitness": [
    217944948.0908349,
    3.3528734733208445,
    2.921097856580337,
    2.7252457249724125,
    2.782747467903606,
    2.6977294361723256,
    2.5964426023604004,
    140.81503528681299,
    140.71660095591176,
    140.29875315435584,
    140.18372010559702,
    140.1060415365086,
    140.10089586270612,
    139.96490290530363,
    139.96490290530363,
    139.81920304155759,
    139.81920304155759,
    139.8036204170604,
    139.8036204170604,
    139.8036204170604,
    139.79509412792632,
    139.7505035163187,
    139.7505035163187,
    139.65018139135051,
    139.65018139135051,
    139.5371565802984,
    139.51314667124356,
    139.15715206318697,
    139.11340299766252,
    139.10323368383172,
    139.10323368383172,
    139.09179839508977,
    139.03393759912524,
    139.03393759912524,
    144.75893501899498,
    144.75893501899498,
    144.75893501899498,
    144.68988558939927,
    144.68988558939927,
    144.68988558939927,
    144.68742759629723,
    144.68742759629723,
    144.68742759629723,
    146.65014769357154,
    146.65014769357154,
    146.65014769357154,
    146.47687506502137,
    146.3508754289119,
    146.3508754289119,
    146.3508754289119,
    146.34463620357033,
    146.34463620357033,
    146.34463620357033,
    146.33234831310415,
    146.33234831310415,
    145.84368632853253,
    145.76156327848656,
    145.70229098789576,
    145.70229098789576,
    145.70229098789576,
    145.70229098789576,
    145.70229098789576,
    145.70229098789576,
    148.3201677273006,
    148.3201677273006,
    148.19303280816325,
    148.18526812907425,
    147.50309249649737,
    147.1885600564298,
    147.1885600564298,
    146.33406087007577,
    146.33406087007577,
    145.92770629603297,
    145.87557437915996,
    144.76710477440744,
    144.76710477440744,
    144.55236723822645,
    144.55236723822645,
    144.55236723822645,
    144.46648090849268,
    143.71328018316578,
    148.40422507979173,
    148.40422507979173,
    148.40422507979173,
    148.40422507979173,
    147.0242693893157,
    146.17045504759153,
    146.17045504759153,
    146.17045504759153,
    146.17045504759153,
    144.43475353813588,
    144.43475353813588,
    143.7344223540551,
    143.7344223540551,
    142.77618751588906,
    142.77618751588906,
    142.77618751588906,
    139.72490983472906,
    139.72490983472906,
    137.6586250731461,
    137.6586250731461
  ],
  "objective": "beta_gamma_ratio",