{
  "generations": [
    0,
    1,
    2,
    3,
    4,
    5,
    6,
    7,
    8,
    9,
    10,
    11,
    12,
    13,
    14,
    15,
    16,
    17,
    18,
    19,
    20,
    21,
    22,
    23,
    24,
    25,
    26,
    27,
    28,
    29,
    30,
    31,
    32,
    33,
    34,
    35,
    36,
    37,
    38,
    39,
    40,
    41,
    42,
    43,
    44,
    45,
    46,
    47,
    48,
    49,
    50,
    51,
    52,
    53,
    54,
    55,
    56,
    57,
    58,
    59,
    60,
    61,
    62,
    63,
    64,
    65,
    66,
    67,
    68,
    69,
    70,
    71,
    72,
    73,
    74,
    75,
    76,
    77,
    78,
    79,
    80,
    81,
    82,
    83,
    84,
    85,
    86,
    87,
    88,
    89,
    90,
    91,
    92,
    93,
    94,
    95,
    96,
    97,
    98,
    99,
    100
  ],
  "best_fitness": [
    22.05161532279668,
    22.05161532279668,
    22.05161532279668,
    25.045007479431565,
    25.045007479431565,
    25.045007479431565,
    25.045007479431565,
    25.045007479431565,
    25.045007479431565,
    25.045007479431565,
    55.41935963407661,
    55.41935963407661,
    55.41935963407661,
    55.41935963407661,
    55.41935963407661,
    55.41935963407661,
    55.41935963407661,
    55.41935963407661,
    55.41935963407661,
    55.41935963407661,
    55.41935963407661,
    55.41935963407661,
    180.29443090845808,
    569.9248214285715,
    569.9248214285715,
    569.9248214285715,
    569.9248214285715,
    569.9248214285715,
    569.9248214285715,
    569.9248214285715,
    569.9248214285715,
    569.9248214285715,
    569.9248214285715,
    569.9248214285715,
    569.9248214285715,
    569.9248214285715,
    569.9248214285715,
    569.9248214285715,
    569.9248214285715,
    569.9248214285715,
    569.9248214285715,
    569.9248214285715,
    569.9248214285715,
    569.9248214285715,
    569.9248214285715,
    569.9248214285715,
    569.9248214285715,
    569.9248214285715,
    569.9248214285715,
    569.9248214285715,
    569.9248214285715,
    569.9248214285715,
    569.9248214285715,
    569.9248214285715,
    569.9248214285715,
    569.9248214285715,
    569.9248214285715,
    569.9248214285715,
    569.9248214285715,
    569.9248214285715,
    569.9248214285715,
    569.9248214285715,
    569.9248214285715,
    569.9248214285715,
    569.9248214285715,
    569.9248214285715,
    569.9248214285715,
    569.9248214285715,
    569.9248214285715,
    569.9248214285715,
    569.9248214285715,
    569.9248214285715,
    569.9248214285715,
    569.9248214285715,
    569.9248214285715,
    569.9248214285715,
    569.9248214285715,
    569.9248214285715,
    569.9248214285715,
    569.9248214285715,
    569.9248214285715,
    569.9248214285715,
    569.9248214285715,
    569.9248214285715,
    569.9248214285715,
    569.9248214285715,
    569.9248214285715,
    1492.8625284937752,
    1492.8625284937752,
    1492.8625284937752,
    1492.8625284937752,
    1492.8625284937752,
    1492.8625284937752,
    1492.8625284937752,
    1492.8625284937752,
    1492.8625284937752,
    1492.8625284937752,
    1492.8625284937752,
    1492.8625284937752,
    1492.8625284937752,
    1492.8625284937752
  ],
  "mean_fitness": [
    6.000799161447276,
    7.701370974470379,
    9.469186701378435,
    11.103272322941596,
    12.276906287499566,
    12.46156413499509,
    12.562664721277077,
    12.760922677310694,
    13.624052946860024,
    14.101449123059805,
    17.95555540482408,
    18.76888206732002,
    19.862507557788287,
    20.621623220141426,
    21.204964851157833,
    21.38315197363361,
    21.46973141817701,
    21.789485044329037,
    22.29556999685037,
    23.049950557563708,
    23.049950557563708,
    23.491886010282727,
    31.74154173444959,
    68.59380129885828,
    72.43344775604427,
    72.43344775604427,
    74.37163271855508,
    74.42641335168155,
    74.42641335168155,
    74.42641335168155,
    74.60484044087733,
    74.60484044087733,
    78.77420558132798,
    78.77420558132798,
    78.77420558132798,
    78.77420558132798,
    78.77420558132798,
    78.77420558132798,
    82.13237072584826,
    82.13237072584826,
    82.13237072584826,
    87.11507312129474,
    87.11507312129474,
    88.60846322361778,
    93.69408315104003,
    93.69408315104003,
    93.69408315104003,
    99.3384477911859,
    99.3384477911859,
    99.6499827748568,
    101.02499278695123,
    101.02499278695123,
    101.02499278695123,
    102.56568598632398,
    102.56568598632398,
    102.56568598632398,
    102.81963467117268,
    107.48999816153551,
    107.48999816153551,
    110.86511263009054,
    110.86511263009054,
    115.72109147236885,
    120.1207745414439,
    120.1207745414439,
    120.1207745414439,
    120.1207745414439,
    120.1207745414439,
    120.1207745414439,
    123.68360666605072,
    127.3215075780657,
    127.3215075780657,
    127.86756679908834,
    127.86756679908834,
    128.53095407597527,
    128.53095407597527,
    128.53095407597527,
    128.53095407597527,
    128.53095407597527,
    128.53095407597527,
    128.53095407597527,
    128.53095407597527,
    128.53095407597527,
    128.53095407597527,
    128.53095407597527,
    128.53095407597527,
    128.53095407597527,
    130.6309425558067,
    205.19510499437484,
    205.19510499437484,
    205.19510499437484,
    206.26655114136102,
    206.26655114136102,
    206.26655114136102,
    208.42768815167295,
    209.8105442973701,
    209.8105442973701,
    209.8105442973701,
    212.22689768894006,
    213.28101805852998,
    213.28101805852998,
    213.28101805852998
  ],