{
  "generation": [
    0,
    1,
    2,
    3,
    4,
    5,
    6,
    7,
    8,
    9,
    10,
    11,
    12,
    13,
    14,
    15,
    16,
    17,
    18,
    19,
    20,
    21,
    22,
    23,
    24,
    25,
    26,
    27,
    28,
    29,
    30,
    31,
    32,
    33,
    34,
    35,
    36,
    37,
    38,
    39,
    40,
    41,
    42,
    43,
    44,
    45,
    46,
    47,
    48,
    49,
    50,
    51,
    52,
    53,
    54,
    55,
    56,
    57,
    58,
    59,
    60,
    61,
    62,
    63,
    64,
    65,
    66,
    67,
    68,
    69,
    70,
    71,
    72,
    73,
    74,
    75,
    76,
    77,
    78,
    79,
    80,
    81,
    82,
    83,
    84,
    85,
    86,
    87,
    88,
    89,
    90,
    91,
    92,
    93,
    94,
    95,
    96,
    97,
    98,
    99,
    100
  ],
  "hypervolume": [
    37430529673.13794,
    37430529673.13794,
    37430529673.13794,
    37430529673.13794,
    37430529673.13794,
    37430529673.13794,
    37430529673.13794,
    37430529673.13794,
    37430529673.13794,
    37430529673.13794,
    37430529673.13794,
    37430529673.13794,
    37430529673.13794,
    37430529673.13794,
    37430529673.13794,
    37430529673.13794,
    37430529673.13794,
    37430529673.13794,
    37430529673.13794,
    37430529673.13794,
    37430529673.13794,
    37430529673.13794,
    37430529673.13794,
    37430529673.13794,
    37430529673.13794,
    37430529673.13794,
    37430529673.13794,
    37430529673.13794,
    37430529673.13794,
    37430529673.13794,
    37430529673.13794,
    37430529673.13794,
    37430529673.13794,
    37430529673.13794,
    37430529673.13794,
    37430529673.13794,
    37430529673.13794,
    37430529673.13794,
    37430529673.13794,
    37430529673.13794,
    37430529673.13794,
    37430529673.13794,
    37430529673.13794,
    37430529673.13794,
    37430529673.13794,
    37430529673.13794,
    37430529673.13794,
    37430529673.13794,
    37430529673.13794,
    37430529673.13794,
    37430529673.13794,
    37430529673.13794,
    37430529673.13794,
    37430529673.13794,
    37430529673.13794,
    37430529673.13794,
    37430529673.13794,
    37430529673.13794,
    37430529673.13794,
    37430529673.13794,
    37430529673.13794,
    37430529673.13794,
    37430529673.13794,
    37430529673.13794,
    37430529673.13794,
    37430529673.13794,
    37430529673.13794,
    37430529673.13794,
    37430529673.13794,
    37430529673.13794,
    37430529673.13794,
    37430529673.13794,
    37430529673.13794,
    37430529673.13794,
    37430529673.13794,
    37430529673.13794,
    37430529673.13794,
    37430529673.13794,
    37430529673.13794,
    37430529673.13794,
    37430529673.13794,
    37430529673.13794,
    37430529673.13794,
    37430529673.13794,
    37430529673.13794,
    37430529673.13794,
    37430529673.13794,
    37430529673.13794,
    37430529673.13794,
    37430529673.13794,
    37430529673.13794,
    37430529673.13794,
    37430529673.13794,
    37430529673.13794,
    37430529673.13794,
    37430529673.13794,
    37430529673.13794,
    37430529673.13794,
    37430529673.13794,
    37430529673.13794,
    37430529673.13794
  ],
  "max_beta": [
    38.8262258381566,
    38.8262258381566,
    38.8262258381566,
    38.8262258381566,
    38.8262258381566,
    38.8262258381566,
    38.8262258381566,
    38.8262258381566,
    38.8262258381566,
    38.8262258381566,
    38.8262258381566,
    38.8262258381566,
    38.8262258381566,
    38.8262258381566,
    38.8262258381566,
    38.8262258381566,
    38.8262258381566,
    38.8262258381566,
    38.8262258381566,
    43.2776662335334,
    43.2776662335334,
    43.2776662335334,
    214.57465034310252,
    214.57465034310252,
    214.57465034310252,
    214.57465034310252,
    214.57465034310252,
    214.57465034310252,
    214.57465034310252,
    214.57465034310252,
    214.57465034310252,
    214.57465034310252,
    214.57465034310252,
    214.57465034310252,
    214.57465034310252,
    214.57465034310252,
    214.57465034310252,
    214.57465034310252,
    214.57465034310252,
    214.57465034310252,
    214.57465034310252,
    214.57465034310252,
    214.57465034310252,
    214.57465034310252,
    214.57465034310252,
    214.57465034310252,
    214.57465034310252,
    214.57465034310252,
    214.57465034310252,
    214.57465034310252,
    214.57465034310252,
    214.57465034310252,
    214.57465034310252,
    214.57465034310252,
    214.57465034310252,
    214.57465034310252,
    214.57465034310252,
    214.57465034310252,
    214.57465034310252,
    214.57465034310252,
    214.57465034310252,
    214.57465034310252,
    214.57465034310252,
    214.57465034310252,
    214.57465034310252,
    214.57465034310252,
    214.57465034310252,
    214.57465034310252,
    214.57465034310252,
    214.57465034310252,
    214.57465034310252,
    214.57465034310252,
    214.57465034310252,
    214.57465034310252,
    214.57465034310252,
    214.57465034310252,
    214.57465034310252,
    214.57465034310252,
    214.57465034310252,
    214.57465034310252,
    214.57465034310252,
    214.57465034310252,
    214.57465034310252,
    214.57465034310252,
    214.57465034310252,
    214.57465034310252,
    214.57465034310252,
    214.57465034310252,
    492.7437385388796,
    492.7437385388796,
    492.7437385388796,
    492.7437385388796,
    492.7437385388796,
    492.7437385388796,
    492.7437385388796,
    492.7437385388796,
    492.7437385388796,
    492.7437385388796,
    492.7437385388796,
    492.7437385388796,
    492.7437385388796
  ],
  "avg_beta": [
    6.111682134732776,
    4.187870874601671,
    4.251742544624039,
    5.215240043468168,
    4.3235057660005545,
    3.550854156324771,
    4.188994237514228,
    3.7171299538191773,
    3.4715184573429143,
    4.18907113111078,
    4.160118466734782,
    3.3356382830737217,
    4.068057970064063,
    -18.12006957399959,
    -17.553738394595097,
    3.958516494976468,
    3.882993466787557,
    3.970926077317041,
    3.742249730866166,
    2.9337975642556176,
    3.439832378411407,
    3.7208113251959647,
    12.288456815396518,
    12.559211890102539,
    12.369279963283288,
    12.17185072431888,
    12.079052991619806,
    12.423656512330847,
    12.289390739908475,
    12.734913561133101,
    13.489790825524116,
    12.19940735464411,
    11.70171248454017,
    11.142353312715144,
    10.803652216664203,
    11.467638268964645,
    10.88079290637924,
    9.914382912906127,
    12.06422998635851,
    12.952083197387449,
    11.612286850175185,
    14.53628369155679,
    13.838694105217732,
    13.6530512771514,
    13.9369253413002,
    13.54847326898124,
    13.207451453836262,
    19.43234113496928,
    14.406071025167028,
    13.71949926709824,
    12.220573620257058,
    13.450858084252875,
    13.591399566521805,
    13.939091666679024,
    13.855069593211851,
    14.330127830225393,
    12.784376453637563,
    13.033472290857025,
    13.604426421393836,
    14.291560029136454,
    13.700789166534173,
    12.871451104451646,
    14.709230886788538,
    13.012681856656098,
    12.252941990213653,
    13.368423299836484,
    12.64559098862885,
    14.371912781790218,
    13.568846061138597,
    13.042954817944374,
    13.115302358300065,
    14.702201436966456,
    13.481599123436192,
    15.09874745014047,
    15.016153844935925,
    14.45759998922107,
    14.376431220712835,
    14.942063905574333,
    15.170446550202666,
    16.028039391245215,
    14.528912126873626,
    9.932176085686535,
    14.858788132512501,
    13.93022622548612,
    14.798050986295996,
    12.925528282480533,
    15.061885967942974,
    14.640018286034547,
    27.07634406564599,
    26.38166418562073,
    26.426018403115346,
    27.26624715822257,
    27.07664733059238,
    26.660520725430967,
    28.500697611153498,
    27.55370716749014,
    27.355624149409188,
    27.661686784538084,
    27.92719037081603,
    28.396119186130797,
    27.239862744031843
  ],