{
  "generation": [
    0,
    1,
    2,
    3,
    4,
    5,
    6,
    7,
    8,
    9,
    10,
    11,
    12,
    13,
    14,
    15,
    16,
    17,
    18,
    19,
    20,
    21,
    22,
    23,
    24,
    25,
    26,
    27,
    28,
    29,
    30,
    31,
    32,
    33,
    34,
    35,
    36,
    37,
    38,
    39,
    40,
    41,
    42,
    43,
    44,
    45,
    46,
    47,
    48,
    49,
    50,
    51,
    52,
    53,
    54,
    55,
    56,
    57,
    58,
    59,
    60,
    61,
    62,
    63,
    64,
    65,
    66,
    67,
    68,
    69,
    70,
    71,
    72,
    73,
    74,
    75,
    76,
    77,
    78,
    79,
    80,
    81,
    82,
    83,
    84,
    85,
    86,
    87,
    88,
    89,
    90,
    91,
    92,
    93,
    94,
    95,
    96,
    97,
    98,
    99,
    100
  ],
  "hypervolume": [
    14960142724.019537,
    14960142724.019537,
    14960142724.019537,
    14960142724.019537,
    14960142724.019537,
    14960142724.019537,
    14960142724.019537,
    14960142724.019537,
    14960142724.019537,
    14960142724.019537,
    14960142724.019537,
    14960142724.019537,
    14960142724.019537,
    14960142724.019537,
    14960142724.019537,
    14960142724.019537,
    14960142724.019537,
    14960142724.019537,
    14960142724.019537,
    14960142724.019537,
    14960142724.019537,
    14960142724.019537,
    14960142724.019537,
    14960142724.019537,
    14960142724.019537,
    14960142724.019537,
    14960142724.019537,
    14960142724.019537,
    14960142724.019537,
    14960142724.019537,
    14960142724.019537,
    14960142724.019537,
    14960142724.019537,
    14960142724.019537,
    14960142724.019537,
    14960142724.019537,
    14960142724.019537,
    14960142724.019537,
    14960142724.019537,
    14960142724.019537,
    14960142724.019537,
    14960142724.019537,
    14960142724.019537,
    14960142724.019537,
    14960142724.019537,
    14960142724.019537,
    14960142724.019537,
    14960142724.019537,
    14960142724.019537,
    14960142724.019537,
    14960142724.019537,
    14960142724.019537,
    14960142724.019537,
    14960142724.019537,
    14960142724.019537,
    14960142724.019537,
    14960142724.019537,
    14960142724.019537,
    14960142724.019537,
    14960142724.019537,
    14960142724.019537,
    14960142724.019537,
    14960142724.019537,
    14960142724.019537,
    14960142724.019537,
    14960142724.019537,
    14960142724.019537,
    14960142724.019537,
    14960142724.019537,
    14960142724.019537,
    14960142724.019537,
    14960142724.019537,
    14960142724.019537,
    14960142724.019537,
    14960142724.019537,
    14960142724.019537,
    14960142724.019537,
    14960142724.019537,
    14960142724.019537,
    14960142724.019537,
    14960142724.019537,
    14960142724.019537,
    14960142724.019537,
    14960142724.019537,
    14960142724.019537,
    14960142724.019537,
    14960142724.019537,
    14960142724.019537,
    14960142724.019537,
    14960142724.019537,
    14960142724.019537,
    14960142724.019537,
    14960142724.019537,
    14960142724.019537,
    14960142724.019537,
    14960142724.019537,
    14960142724.019537,
    14960142724.019537,
    14960142724.019537,
    14960142724.019537,
    14960142724.019537
  ],
  "max_beta": [
    15.566166001409684,
    15.566166001409684,
    15.566166001409684,
    15.566166001409684,
    15.566166001409684,
    15.566166001409684,
    15.566166001409684,
    15.566166001409684,
    15.566166001409684,
    16.42382453340308,
    16.42382453340308,
    20.466675142353008,
    20.466675142353008,
    1341.531655742526,
    1341.531655742526,
    1341.531655742526,
    1341.531655742526,
    1341.531655742526,
    1341.531655742526,
    1341.531655742526,
    1341.531655742526,
    1341.531655742526,
    1341.531655742526,
    1341.531655742526,
    1341.531655742526,
    1341.531655742526,
    1341.531655742526,
    1341.531655742526,
    1341.531655742526,
    1341.531655742526,
    1341.531655742526,
    1341.531655742526,
    1341.531655742526,
    1341.531655742526,
    1341.531655742526,
    1341.531655742526,
    1341.531655742526,
    1341.531655742526,
    1341.531655742526,
    1341.531655742526,
    1341.531655742526,
    1341.531655742526,
    1341.531655742526,
    1341.531655742526,
    1341.531655742526,
    1341.531655742526,
    1341.531655742526,
    1341.531655742526,
    1341.531655742526,
    1341.531655742526,
    1341.531655742526,
    1341.531655742526,
    1341.531655742526,
    1341.531655742526,
    1341.531655742526,
    1341.531655742526,
    1341.531655742526,
    1341.531655742526,
    1341.531655742526,
    1341.531655742526,
    1341.531655742526,
    1341.531655742526,
    1341.531655742526,
    1341.531655742526,
    1341.531655742526,
    1341.531655742526,
    1341.531655742526,
    1341.531655742526,
    1341.531655742526,
    1341.531655742526,
    1341.531655742526,
    1341.531655742526,
    1341.531655742526,
    1341.531655742526,
    1341.531655742526,
    1341.531655742526,
    1341.531655742526,
    1341.531655742526,
    1341.531655742526,
    1341.531655742526,
    1341.531655742526,
    1341.531655742526,
    1341.531655742526,
    1341.531655742526,
    1341.531655742526,
    1341.531655742526,
    1341.531655742526,
    1341.531655742526,
    1341.531655742526,
    1341.531655742526,
    1341.531655742526,
    1341.531655742526,
    1341.531655742526,
    1341.531655742526,
    1341.531655742526,
    1341.531655742526,
    1341.531655742526,
    1341.531655742526,
    1341.531655742526,
    1341.531655742526,
    1341.531655742526
  ],
  "avg_beta": [
    4.2390464912196135,
    4.697966927567152,
    4.613032838622028,
    4.134657693024455,
    3.219392454285805,
    5.058194169248533,
    3.944985531377971,
    4.529490706616012,
    3.996331727234464,
    3.9285823336390235,
    3.3721681457044235,
    4.216667111858362,
    3.2006245134008764,
    68.01967133163708,
    66.2438534499921,
    65.99964627357997,
    68.64905021897123,
    67.79947704744669,
    67.61632441619312,
    67.15233458531839,
    67.273206935113,
    68.47528755211576,
    69.45554725827051,
    68.03066696548413,
    68.40861039555107,
    67.43179951000747,
    67.93082288990361,
    68.42219250870423,
    67.58260131035505,
    67.98657357696383,
    68.42526391355234,
    70.30419271709465,
    69.60253509881285,
    68.07066986232925,
    67.20449533392727,
    66.6801104951981,
    66.55934465216156,
    67.93233905210279,
    67.67685095848165,
    66.71418040002078,
    55.11942883075606,
    54.90695712607722,
    54.42220395310117,
    54.444000798770546,
    55.90988179969598,
    55.40226537968349,
    54.434785789437186,
    55.36410586378446,
    55.04622673584752,
    54.954399592225045,
    55.377938891192414,
    55.98878713928529,
    55.9691806695383,
    55.144386484186484,
    56.58174703859047,
    55.72881248946351,
    56.532454667807166,
    56.294753013367696,
    57.57201795603824,
    55.88889455146962,
    56.31691704705171,
    54.78065879156203,
    56.9482600665382,
    56.519602392258705,
    57.63464779536035,
    57.34751306392998,
    56.67660817051829,
    50.80278138785245,
    56.80112437435882,
    57.90742860551195,
    58.53676002817233,
    56.91661508894498,
    57.751429694628555,
    55.753553333808085,
    58.231733571666794,
    56.909602468785046,
    57.60721547041195,
    56.1900169206271,
    57.67166191993533,
    56.318123267015174,
    58.19162831163068,
    57.496553371452286,
    57.14149009678912,
    57.96356798229478,
    57.245340521974796,
    57.17566794666,
    56.68334937456532,
    57.50236966991158,
    56.83869682118135,
    57.44688725073314,
    56.07210649103291,
    58.00672352336892,
    60.12726332892271,
    59.06742513371796,
    72.82878487605471,
    69.61073628421127,
    70.66349193975893,
    70.5944662608721,
    70.78709263145629,
    70.59466563818992,
    73.52388962910773
  ],