{
  "generation": [
    0,
    1,
    2,
    3,
    4,
    5,
    6,
    7,
    8,
    9,
    10,
    11,
    12,
    13,
    14,
    15,
    16,
    17,
    18,
    19,
    20,
    21,
    22,
    23,
    24,
    25,
    26,
    27,
    28,
    29,
    30,
    31,
    32,
    33,
    34,
    35,
    36,
    37,
    38,
    39,
    40,
    41,
    42,
    43,
    44,
    45,
    46,
    47,
    48,
    49,
    50,
    51,
    52,
    53,
    54,
    55,
    56,
    57,
    58,
    59,
    60,
    61,
    62,
    63,
    64,
    65,
    66,
    67,
    68,
    69,
    70,
    71,
    72,
    73,
    74,
    75,
    76,
    77,
    78,
    79,
    80,
    81,
    82,
    83,
    84,
    85,
    86,
    87,
    88,
    89,
    90,
    91,
    92,
    93,
    94,
    95,
    96,
    97,
    98,
    99,
    100
  ],
  "hypervolume": [
    8782512619.845278,
    8782512619.845278,
    8782512619.845278,
    8782512619.845278,
    8782512619.845278,
    8782512619.845278,
    8782512619.845278,
    8782512619.845278,
    8782512619.845278,
    8782512619.845278,
    8782512619.845278,
    8782512619.845278,
    8782512619.845278,
    8782512619.845278,
    8782512619.845278,
    8782512619.845278,
    8782512619.845278,
    8782512619.845278,
    8782512619.845278,
    8782512619.845278,
    8782512619.845278,
    8782512619.845278,
    8782512619.845278,
    8782512619.845278,
    8782512619.845278,
    8782512619.845278,
    8782512619.845278,
    8782512619.845278,
    8782512619.845278,
    8782512619.845278,
    8782512619.845278,
    8782512619.845278,
    8782512619.845278,
    8782512619.845278,
    8782512619.845278,
    8782512619.845278,
    8782512619.845278,
    8782512619.845278,
    8782512619.845278,
    8782512619.845278,
    8782512619.845278,
    8782512619.845278,
    8782512619.845278,
    8782512619.845278,
    8782512619.845278,
    8782512619.845278,
    8782512619.845278,
    8782512619.845278,
    8782512619.845278,
    8782512619.845278,
    8782512619.845278,
    8782512619.845278,
    8782512619.845278,
    8782512619.845278,
    8782512619.845278,
    8782512619.845278,
    8782512619.845278,
    8782512619.845278,
    8782512619.845278,
    8782512619.845278,
    8782512619.845278,
    8782512619.845278,
    8782512619.845278,
    8782512619.845278,
    8782512619.845278,
    8782512619.845278,
    8782512619.845278,
    8782512619.845278,
    8782512619.845278,
    8782512619.845278,
    8782512619.845278,
    8782512619.845278,
    8782512619.845278,
    8782512619.845278,
    8782512619.845278,
    8782512619.845278,
    8782512619.845278,
    8782512619.845278,
    8782512619.845278,
    8782512619.845278,
    8782512619.845278,
    8782512619.845278,
    8782512619.845278,
    8782512619.845278,
    8782512619.845278,
    8782512619.845278,
    8782512619.845278,
    8782512619.845278,
    8782512619.845278,
    8782512619.845278,
    8782512619.845278,
    8782512619.845278,
    8782512619.845278,
    8782512619.845278,
    8782512619.845278,
    8782512619.845278,
    8782512619.845278,
    8782512619.845278,
    8782512619.845278,
    8782512619.845278,
    8782512619.845278
  ],
  "max_beta": [
    9.056745280448936,
    11.87481708851564,
    23.89060355877746,
    23.89060355877746,
    23.89060355877746,
    23.89060355877746,
    23.89060355877746,
    23.89060355877746,
    23.89060355877746,
    23.89060355877746,
    23.89060355877746,
    23.89060355877746,
    23.89060355877746,
    23.89060355877746,
    23.89060355877746,
    23.89060355877746,
    36.24039295126636,
    36.24039295126636,
    36.24039295126636,
    36.24039295126636,
    36.24039295126636,
    36.24039295126636,
    63.171859060205456,
    69.08605159597727,
    69.08605159597727,
    69.08605159597727,
    69.08605159597727,
    69.08605159597727,
    69.08605159597727,
    69.08605159597727,
    69.08605159597727,
    69.08605159597727,
    69.08605159597727,
    69.08605159597727,
    69.08605159597727,
    69.08605159597727,
    69.08605159597727,
    69.08605159597727,
    69.08605159597727,
    69.08605159597727,
    69.08605159597727,
    69.08605159597727,
    69.08605159597727,
    69.08605159597727,
    69.08605159597727,
    69.08605159597727,
    69.08605159597727,
    69.08605159597727,
    69.08605159597727,
    69.08605159597727,
    69.08605159597727,
    69.08605159597727,
    69.08605159597727,
    151.33282804663688,
    151.33282804663688,
    151.33282804663688,
    151.33282804663688,
    151.33282804663688,
    151.33282804663688,
    151.33282804663688,
    151.33282804663688,
    151.33282804663688,
    151.33282804663688,
    151.33282804663688,
    151.33282804663688,
    151.33282804663688,
    151.33282804663688,
    151.33282804663688,
    151.33282804663688,
    151.33282804663688,
    151.33282804663688,
    151.33282804663688,
    151.33282804663688,
    151.33282804663688,
    151.33282804663688,
    151.33282804663688,
    151.33282804663688,
    151.33282804663688,
    151.33282804663688,
    151.33282804663688,
    151.33282804663688,
    151.33282804663688,
    151.33282804663688,
    151.33282804663688,
    151.33282804663688,
    151.33282804663688,
    151.33282804663688,
    151.33282804663688,
    151.33282804663688,
    151.33282804663688,
    151.33282804663688,
    505.00828397336727,
    505.00828397336727,
    505.00828397336727,
    505.00828397336727,
    505.00828397336727,
    505.00828397336727,
    505.00828397336727,
    505.00828397336727,
    505.00828397336727,
    505.00828397336727
  ],
  "avg_beta": [
    2.7943156134539553,
    3.9254595279314017,
    3.1155076525008627,
    2.835049046778722,
    2.8724130847336307,
    4.09342927540266,
    4.7672222064270064,
    4.085011555258698,
    3.399858572981998,
    4.268143693343686,
    5.6162919050395415,
    3.6359102578047646,
    4.637778458388272,
    4.489201638051297,
    4.051832383157044,
    3.081732186331437,
    6.828355383045745,
    6.231191470655774,
    5.52037472549576,
    5.972811145154901,
    4.883683642622051,
    6.426863448720937,
    6.354914372958889,
    5.206383791875187,
    5.217427939093392,
    6.224845045352163,
    5.490782115987479,
    5.461802118015706,
    5.61650799649271,
    4.401053077593001,
    5.82531260293902,
    4.815360184410142,
    5.078475839471971,
    5.687116102353125,
    4.786355097932987,
    4.197922882642945,
    4.827701517907985,
    4.453127971314773,
    4.25226640529945,
    4.7058212989696475,
    4.426748251934032,
    4.918257687532728,
    5.140553760761213,
    5.155728861147725,
    5.605633341762794,
    4.814350883224522,
    6.450521147935585,
    1.5663498700513423,
    1.9726707277768898,
    1.252575546217087,
    2.923958051210962,
    4.16995096108693,
    7.957265731865547,
    13.926810492074257,
    14.452396676191862,
    14.014061363243552,
    14.061907014441877,
    13.467258878307257,
    13.941960135427161,
    13.768397927338532,
    13.042847984207086,
    13.212147122067956,
    13.383460116646361,
    13.124335126094731,
    14.027991169715762,
    12.8219873615729,
    12.594303832317149,
    13.613369080674008,
    13.771814904313677,
    13.187438591637559,
    13.153775293072504,
    13.326620220097308,
    12.760053707929544,
    12.553398310815572,
    12.478269505728964,
    14.506914301089754,
    13.79257276870508,
    14.28845481717158,
    13.802482859461197,
    13.250123823040962,
    13.104900958253214,
    12.857597169726247,
    12.84122404462388,
    12.313270762148358,
    14.80160120251397,
    13.344140750780818,
    13.357264074152468,
    13.271135214966103,
    11.625843979092794,
    12.049218478522091,
    11.791673685258196,
    28.557047410909767,
    29.599391587731624,
    31.114752474780907,
    30.19694590956227,
    28.404173451335367,
    28.50571641469068,
    27.624452418862738,
    28.376726548464525,
    27.983845370910238,
    31.694379005197582
  ],