{
  "generations": [
    0,
    1,
    2,
    3,
    4,
    5,
    6,
    7,
    8,
    9,
    10,
    11,
    12,
    13,
    14,
    15,
    16,
    17,
    18,
    19,
    20,
    21,
    22,
    23,
    24,
    25,
    26,
    27,
    28,
    29,
    30,
    31,
    32,
    33,
    34,
    35,
    36,
    37,
    38,
    39,
    40,
    41,
    42,
    43,
    44,
    45,
    46,
    47,
    48,
    49,
    50,
    51,
    52,
    53,
    54,
    55,
    56,
    57,
    58,
    59,
    60,
    61,
    62,
    63,
    64,
    65,
    66,
    67,
    68,
    69,
    70,
    71,
    72,
    73,
    74,
    75,
    76,
    77,
    78,
    79,
    80,
    81,
    82,
    83,
    84,
    85,
    86,
    87,
    88,
    89,
    90,
    91,
    92,
    93,
    94,
    95,
    96,
    97,
    98,
    99,
    100
  ],
  "best_fitness": [
    49.950229885057475,
    49.950229885057475,
    49.950229885057475,
    49.950229885057475,
    49.950229885057475,
    49.950229885057475,
    49.950229885057475,
    49.950229885057475,
    49.950229885057475,
    49.950229885057475,
    49.950229885057475,
    49.950229885057475,
    49.950229885057475,
    49.950229885057475,
    49.950229885057475,
    49.950229885057475,
    49.950229885057475,
    49.950229885057475,
    49.950229885057475,
    49.950229885057475,
    49.950229885057475,
    49.950229885057475,
    49.950229885057475,
    49.950229885057475,
    49.950229885057475,
    49.950229885057475,
    49.950229885057475,
    1297.6452653180886,
    1297.6452653180886,
    1297.6452653180886,
    1297.6452653180886,
    1297.6452653180886,
    1297.6452653180886,
    1297.6452653180886,
    1297.6452653180886,
    1297.6452653180886,
    1297.6452653180886,
    1297.6452653180886,
    1297.6452653180886,
    1297.6452653180886,
    1297.6452653180886,
    1297.6452653180886,
    1297.6452653180886,
    1297.6452653180886,
    1297.6452653180886,
    1297.6452653180886,
    1297.6452653180886,
    1297.6452653180886,
    1297.6452653180886,
    1297.6452653180886,
    1297.6452653180886,
    1297.6452653180886,
    1297.6452653180886,
    1297.6452653180886,
    2383.558427571352,
    2383.558427571352,
    2383.558427571352,
    2383.558427571352,
    2383.558427571352,
    2383.558427571352,
    2383.558427571352,
    2383.558427571352,
    2383.558427571352,
    2383.558427571352,
    2383.558427571352,
    2383.558427571352,
    2383.558427571352,
    2383.558427571352,
    2383.558427571352,
    2383.558427571352,
    2383.558427571352,
    2383.558427571352,
    2383.558427571352,
    2383.558427571352,
    2383.558427571352,
    2383.558427571352,
    2383.558427571352,
    2383.558427571352,
    2383.558427571352,
    2383.558427571352,
    2383.558427571352,
    2383.558427571352,
    2383.558427571352,
    2383.558427571352,
    2383.558427571352,
    2383.558427571352,
    2383.558427571352,
    2383.558427571352,
    2383.558427571352,
    2501.0107426436243,
    2501.0107426436243,
    2501.0107426436243,
    2501.0107426436243,
    2501.0107426436243,
    2501.0107426436243,
    2501.0107426436243,
    2501.0107426436243,
    2501.0107426436243,
    2501.0107426436243,
    2501.0107426436243,
    2501.0107426436243
  ],
  "mean_fitness": [
    5.8095002142758085,
    8.464075112399238,
    9.999914629930668,
    10.259288133021924,
    10.58137917237704,
    11.469820161800204,
    11.748408384446439,
    12.164539284081922,
    12.43780627739647,
    12.43780627739647,
    12.485182864042232,
    12.82619407706649,
    14.633116595686948,
    15.193952216109045,
    15.228375602041481,
    16.45223137210802,
    17.380166222779703,
    19.29681662938946,
    19.29681662938946,
    19.50414464368023,
    19.50414464368023,
    19.50414464368023,
    19.7069329142638,
    22.151707575615468,
    22.151707575615468,
    22.151707575615468,
    22.707532902952867,
    86.87844055639502,
    87.08750102004717,
    101.88714173630476,
    103.84331224081157,
    105.57739296921413,
    107.35521212784799,
    107.35521212784799,
    107.35521212784799,
    107.88157628436265,
    111.1233155722405,
    112.66568298674892,
    112.67109596124973,
    119.96429766056208,
    120.42690355404065,
    120.42690355404065,
    120.68179653904242,
    120.68179653904242,
    121.9680870532377,
    126.7359684417415,
    128.91142158179244,
    130.08877380660655,
    131.81417219864136,
    131.81417219864136,
    131.81417219864136,
    131.81417219864136,
    131.81417219864136,
    136.09112773727367,
    259.20853041503244,
    259.2678564784105,
    260.3546309052891,
    260.3546309052891,
    260.3546309052891,
    260.3546309052891,
    262.94240682123984,
    262.94240682123984,
    262.94240682123984,
    263.1266963672453,
    263.59608073137235,
    272.22971124831247,
    274.3973154606081,
    275.2836834768291,
    275.2836834768291,
    275.46854582501146,
    275.46854582501146,
    278.5211818387043,
    278.5211818387043,
    278.5211818387043,
    288.21432094757216,
    288.21432094757216,
    288.21432094757216,
    288.21432094757216,
    288.9780362487744,
    289.50707624342414,
    289.50707624342414,
    289.50707624342414,
    289.5589008825366,
    289.5589008825366,
    289.5589008825366,
    289.5589008825366,
    289.5589008825366,
    289.5589008825366,
    289.5589008825366,
    411.07883097216,
    411.07883097216,
    411.07883097216,
    411.586901605198,
    411.586901605198,
    411.586901605198,
    411.586901605198,
    411.6683059813399,
    411.6683059813399,
    411.8919771757397,
    411.8919771757397,
    413.9590941904847
  ],
  "std_fitness": [
    10.693090137322661,
    9.77242675947793,
    9.550998207929961,
    9.450309743172205,
    9.356878409926923,
    9.356353330990977,
    9.264427525894535,
    9.167940456210909,
    9.10234374868063,
    9.10234374868063,
    9.077211197170136,
    8.96182973819528,
    10.246872984160778,
    10.037782897994814,
    10.0153294673069,
    10.181246953223784,
    9.820033110322058,
    9.578367206822469,
    9.578367206822469,
    9.45303114068453,
    9.45303114068453,
    9.45303114068453,
    9.329865500974591,
    10.88768304558539,
    10.88768304558539,
    10.88768304558539,
    10.645871321637433,
    277.96608613932943,
    277.91260269846794,
    281.5751807388352,
    281.0657389663026,
    280.61670427056094,
    280.1427681704856,
    280.1427681704856,
    280.1427681704856,
    279.9827884654548,
    279.0784210548646,
    278.6447956383489,
    278.642959355855,
    276.91823987137377,
    276.7637092208646,
    276.7637092208646,
    276.67870487651857,
    276.67870487651857,
    276.2860130088826,
    275.45738694555365,
    274.8526585274028,
    274.4798361169926,
    273.90967709217585,
    273.90967709217585,
    273.90967709217585,
    273.90967709217585,
    273.90967709217585,
    273.0305928607676,
    557.5220045501192,
    557.4996040937496,
    557.108762714244,
    557.108762714244,
    557.108762714244,
    557.108762714244,
    556.1805914082519,
    556.1805914082519,
    556.1805914082519,
    556.1103444408521,
    555.9336613571522,
    553.3271660303925,
    552.5365114084389,
    552.1945676154705,
    552.1945676154705,
    552.1207112554813,
    552.1207112554813,
    551.0571862209275,
    551.0571862209275,
    551.0571862209275,
    548.7690659017481,
    548.7690659017481,
    548.7690659017481,
    548.7690659017481,
    548.4597476927144,
    548.2520060056959,
    548.2520060056959,
    548.2520060056959,
    548.2313267421214,
    548.2313267421214,
    548.2313267421214,
    548.2313267421214,
    548.2313267421214,
    548.2313267421214,
    548.2313267421214,
    726.5807404875613,
    726.5807404875613,
    726.5807404875613,
    726.3464760990042,
    726.3464760990042,
    726.3464760990042,
    726.3464760990042,
    726.3085598740615,
    726.3085598740615,
    726.2049399291938,
    726.2049399291938,
    725.2985734037725
  ],