{
  "generation": [
    0,
    1,
    2,
    3,
    4,
    5,
    6,
    7,
    8,
    9,
    10,
    11,
    12,
    13,
    14,
    15,
    16,
    17,
    18,
    19,
    20,
    21,
    22,
    23,
    24,
    25,
    26,
    27,
    28,
    29,
    30,
    31,
    32,
    33,
    34,
    35,
    36,
    37,
    38,
    39,
    40,
    41,
    42,
    43,
    44,
    45,
    46,
    47,
    48,
    49,
    50,
    51,
    52,
    53,
    54,
    55,
    56,
    57,
    58,
    59,
    60,
    61,
    62,
    63,
    64,
    65,
    66,
    67,
    68,
    69,
    70,
    71,
    72,
    73,
    74,
    75,
    76,
    77,
    78,
    79,
    80,
    81,
    82,
    83,
    84,
    85,
    86,
    87,
    88,
    89,
    90,
    91,
    92,
    93,
    94,
    95,
    96,
    97,
    98,
    99,
    100
  ],
  "hypervolume": [
    10844711611.34778,
    10844711611.34778,
    10844711611.34778,
    10844711611.34778,
    10844711611.34778,
    10844711611.34778,
    10844711611.34778,
    10844711611.34778,
    10844711611.34778,
    10844711611.34778,
    10844711611.34778,
    10844711611.34778,
    10844711611.34778,
    10844711611.34778,
    10844711611.34778,
    10844711611.34778,
    10844711611.34778,
    10844711611.34778,
    10844711611.34778,
    10844711611.34778,
    10844711611.34778,
    10844711611.34778,
    10844711611.34778,
    10844711611.34778,
    10844711611.34778,
    10844711611.34778,
    10844711611.34778,
    10844711611.34778,
    10844711611.34778,
    10844711611.34778,
    10844711611.34778,
    10844711611.34778,
    10844711611.34778,
    10844711611.34778,
    10844711611.34778,
    10844711611.34778,
    10844711611.34778,
    10844711611.34778,
    10844711611.34778,
    10844711611.34778,
    10844711611.34778,
    10844711611.34778,
    10844711611.34778,
    10844711611.34778,
    10844711611.34778,
    10844711611.34778,
    10844711611.34778,
    10844711611.34778,
    10844711611.34778,
    10844711611.34778,
    10844711611.34778,
    10844711611.34778,
    10844711611.34778,
    10844711611.34778,
    10844711611.34778,
    10844711611.34778,
    10844711611.34778,
    10844711611.34778,
    10844711611.34778,
    10844711611.34778,
    10844711611.34778,
    10844711611.34778,
    10844711611.34778,
    10844711611.34778,
    10844711611.34778,
    10844711611.34778,
    10844711611.34778,
    10844711611.34778,
    10844711611.34778,
    10844711611.34778,
    10844711611.34778,
    10844711611.34778,
    10844711611.34778,
    10844711611.34778,
    10844711611.34778,
    10844711611.34778,
    10844711611.34778,
    10844711611.34778,
    10844711611.34778,
    10844711611.34778,
    10844711611.34778,
    10844711611.34778,
    10844711611.34778,
    10844711611.34778,
    10844711611.34778,
    10844711611.34778,
    10844711611.34778,
    10844711611.34778,
    10844711611.34778,
    10844711611.34778,
    10844711611.34778,
    10844711611.34778,
    10844711611.34778,
    10844711611.34778,
    10844711611.34778,
    10844711611.34778,
    10844711611.34778,
    10844711611.34778,
    10844711611.34778,
    10844711611.34778,
    10844711611.34778
  ],
  "max_beta": [
    11.22295714232915,
    11.22295714232915,
    11.526839166560823,
    11.526839166560823,
    11.526839166560823,
    11.526839166560823,
    13.388039565259758,
    13.388039565259758,
    25.22254355177429,
    25.22254355177429,
    25.22254355177429,
    25.22254355177429,
    25.22254355177429,
    25.22254355177429,
    25.22254355177429,
    26.641904997949673,
    57.402344639001996,
    57.402344639001996,
    57.402344639001996,
    57.402344639001996,
    101.01424967000088,
    101.01424967000088,
    101.01424967000088,
    101.01424967000088,
    101.01424967000088,
    101.01424967000088,
    101.01424967000088,
    101.01424967000088,
    101.01424967000088,
    101.01424967000088,
    101.01424967000088,
    101.01424967000088,
    101.01424967000088,
    102.46740942124704,
    102.46740942124704,
    102.59226854786115,
    108.86370929779184,
    108.86370929779184,
    108.86370929779184,
    108.86370929779184,
    108.86370929779184,
    108.86370929779184,
    108.86370929779184,
    108.86370929779184,
    108.86370929779184,
    108.86370929779184,
    108.86370929779184,
    108.86370929779184,
    108.86370929779184,
    108.86370929779184,
    108.86370929779184,
    108.86370929779184,
    108.86370929779184,
    108.86370929779184,
    108.86370929779184,
    108.86370929779184,
    108.86370929779184,
    108.86370929779184,
    108.86370929779184,
    108.86370929779184,
    108.86370929779184,
    108.86370929779184,
    108.86370929779184,
    108.86370929779184,
    108.86370929779184,
    841.0752516523894,
    841.0752516523894,
    841.0752516523894,
    841.0752516523894,
    841.0752516523894,
    841.0752516523894,
    841.0752516523894,
    841.0752516523894,
    841.0752516523894,
    841.0752516523894,
    841.0752516523894,
    841.0752516523894,
    841.0752516523894,
    841.0752516523894,
    841.0752516523894,
    841.0752516523894,
    841.0752516523894,
    841.0752516523894,
    841.0752516523894,
    841.0752516523894,
    841.0752516523894,
    841.0752516523894,
    841.0752516523894,
    841.0752516523894,
    841.0752516523894,
    841.0752516523894,
    841.0752516523894,
    841.0752516523894,
    841.0752516523894,
    841.0752516523894,
    841.0752516523894,
    841.0752516523894,
    841.0752516523894,
    841.0752516523894,
    841.0752516523894,
    841.0752516523894
  ],
  "avg_beta": [
    4.706349722147889,
    4.820269983040949,
    4.763139598032592,
    3.376115141216625,
    2.445903198069779,
    2.320485939683855,
    2.763703119723192,
    2.03584909363631,
    2.587212867219926,
    3.34934109591232,
    3.300746893816909,
    3.21711292792167,
    3.6924180176503802,
    3.25575208371667,
    4.111281106722894,
    5.761675446403021,
    5.841777441079667,
    7.083372982523675,
    6.144358493625644,
    6.321266294457747,
    11.946480071465732,
    9.645658812000523,
    8.359118949784992,
    9.054638808613369,
    9.241113941499668,
    7.729365297065426,
    8.653609574956281,
    6.734012226753697,
    9.83902971122252,
    8.24626076613014,
    7.206058827329668,
    7.3303002774906405,
    6.733093167502356,
    7.4584801371296265,
    7.773819398310414,
    8.005697562286224,
    10.028459583543588,
    5.0963495752498815,
    5.079836111338165,
    5.514426202092328,
    5.246272739226797,
    4.222023883595958,
    8.460434695995357,
    7.949228425697925,
    8.489588992587965,
    7.167898206791892,
    8.748863019041618,
    8.43815034301657,
    8.320078062782382,
    7.777219349466779,
    8.8032809772666,
    8.571369375697405,
    7.793076945118875,
    8.205949675580916,
    7.194543715477044,
    7.227328631778208,
    8.443732997679794,
    9.177000340134311,
    8.50374140825687,
    8.655354502373417,
    7.556914710462647,
    7.219113609506882,
    8.7426679102405,
    7.490727471368774,
    8.91334536697701,
    44.655466975332764,
    44.71574146247754,
    44.20506708378429,
    44.482858022467674,
    44.51490833268129,
    46.11525585389133,
    44.83360328570378,
    46.02247798667561,
    47.12455131508209,
    45.84932767082284,
    45.58204535559987,
    45.57917250479621,
    42.96804840669516,
    43.99167879341057,
    43.90244563312443,
    43.30191855403366,
    43.53958430946507,
    43.036137590422705,
    44.59057733303803,
    43.1784254200801,
    46.14232333485104,
    46.814971072683804,
    44.00762184890055,
    43.97280834237928,
    46.38779702648797,
    46.28851447329204,
    46.76409406731065,
    46.18121848213089,
    45.50094751107484,
    46.518635849716915,
    46.53486338209391,
    47.93024671255798,
    45.449931345494704,
    45.38596111085925,
    47.01918448177311,
    46.29865341908483
  ],