{
  "generations": [
    0,
    1,
    2,
    3,
    4,
    5,
    6,
    7,
    8,
    9,
    10,
    11,
    12,
    13,
    14,
    15,
    16,
    17,
    18,
    19,
    20,
    21,
    22,
    23,
    24,
    25,
    26,
    27,
    28,
    29,
    30,
    31,
    32,
    33,
    34,
    35,
    36,
    37,
    38,
    39,
    40,
    41,
    42,
    43,
    44,
    45,
    46,
    47,
    48,
    49,
    50,
    51,
    52,
    53,
    54,
    55,
    56,
    57,
    58,
    59,
    60,
    61,
    62,
    63,
    64,
    65,
    66,
    67,
    68,
    69,
    70,
    71,
    72,
    73,
    74,
    75,
    76,
    77,
    78,
    79,
    80,
    81,
    82,
    83,
    84,
    85,
    86,
    87,
    88,
    89,
    90,
    91,
    92,
    93,
    94,
    95,
    96,
    97,
    98,
    99,
    100
  ],
  "best_fitness": [
    9.324844505874223,
    16.716434519303558,
    17.05172974128715,
    17.05172974128715,
    17.05172974128715,
    17.05172974128715,
    17.05172974128715,
    17.05172974128715,
    17.05172974128715,
    17.05172974128715,
    17.05172974128715,
    17.05172974128715,
    17.05172974128715,
    17.05172974128715,
    17.05172974128715,
    17.05172974128715,
    17.05172974128715,
    18.178063507337022,
    18.178063507337022,
    18.178063507337022,
    18.178063507337022,
    18.178063507337022,
    18.178063507337022,
    18.178063507337022,
    18.178063507337022,
    18.178063507337022,
    18.178063507337022,
    18.178063507337022,
    18.178063507337022,
    105.640125930166,
    105.640125930166,
    105.640125930166,
    105.640125930166,
    105.640125930166,
    105.640125930166,
    105.640125930166,
    105.640125930166,
    105.640125930166,
    105.640125930166,
    105.640125930166,
    105.640125930166,
    105.640125930166,
    105.640125930166,
    105.640125930166,
    105.640125930166,
    105.640125930166,
    105.640125930166,
    109.98583569405099,
    109.98583569405099,
    109.98583569405099,
    109.98583569405099,
    109.98583569405099,
    109.98583569405099,
    109.98583569405099,
    109.98583569405099,
    109.98583569405099,
    268.00437914145783,
    268.00437914145783,
    268.00437914145783,
    268.00437914145783,
    268.00437914145783,
    268.00437914145783,
    268.00437914145783,
    268.00437914145783,
    268.00437914145783,
    268.00437914145783,
    268.00437914145783,
    268.00437914145783,
    268.00437914145783,
    268.00437914145783,
    268.00437914145783,
    268.00437914145783,
    268.00437914145783,
    268.00437914145783,
    268.00437914145783,
    268.00437914145783,
    268.00437914145783,
    268.00437914145783,
    268.00437914145783,
    268.00437914145783,
    268.00437914145783,
    268.00437914145783,
    268.00437914145783,
    268.00437914145783,
    268.00437914145783,
    268.00437914145783,
    268.00437914145783,
    268.00437914145783,
    268.00437914145783,
    268.00437914145783,
    268.00437914145783,
    268.00437914145783,
    268.00437914145783,
    268.00437914145783,
    268.00437914145783,
    268.00437914145783,
    268.00437914145783,
    268.00437914145783,
    268.00437914145783,
    268.00437914145783,
    268.00437914145783
  ],
  "mean_fitness": [
    3.8245047592167567,
    6.749274665160963,
    8.534892980643482,
    9.273788557274148,
    9.720073231840262,
    9.720073231840262,
    10.349946128860513,
    10.542009195745958,
    10.70986389567059,
    10.841128924605117,
    10.841128924605117,
    11.230279591908495,
    11.230279591908495,
    11.656789987469597,
    11.784228328227414,
    11.808228374137064,
    11.808228374137064,
    12.272809095043382,
    12.45278699633129,
    13.442527233032035,
    13.779147274204593,
    13.941795207455357,
    13.941795207455357,
    13.945401975196102,
    13.945401975196102,
    14.106747129502878,
    14.423259581742645,
    14.423259581742645,
    14.701175199036859,
    23.327294166672726,
    23.397650848805664,
    23.550591693097967,
    27.125395234075135,
    27.125395234075135,
    27.125395234075135,
    27.342090091507988,
    27.342090091507988,
    27.472196483213793,
    27.472196483213793,
    27.472196483213793,
    27.69175628559757,
    27.69175628559757,
    28.6167958920913,
    28.763534866621985,
    28.765314265191638,
    28.859473545023757,
    28.859473545023757,
    33.56588626118966,
    37.18858577641812,
    37.18858577641812,
    37.93609790906697,
    37.93609790906697,
    37.93609790906697,
    38.39003265698306,
    38.39003265698306,
    38.39003265698306,
    50.97117112444171,
    51.38063158009377,
    51.38063158009377,
    52.792165934335586,
    52.792165934335586,
    52.792165934335586,
    52.792165934335586,
    52.792165934335586,
    54.59003024636121,
    57.327186442624715,
    57.327186442624715,
    58.35390527186307,
    59.68784321672746,
    59.68784321672746,
    59.7063531093094,
    59.7063531093094,
    59.7063531093094,
    59.7063531093094,
    64.42928434590415,
    64.42928434590415,
    64.42928434590415,
    64.42928434590415,
    64.42928434590415,
    64.42928434590415,
    64.42928434590415,
    64.4758741317505,
    64.4758741317505,
    64.4758741317505,
    64.4758741317505,
    64.4758741317505,
    64.72093919783423,
    64.72093919783423,
    66.50628608061683,
    66.66608237108065,
    66.66608237108065,
    66.66608237108065,
    67.11618063636143,
    67.11618063636143,
    67.11618063636143,
    67.11618063636143,
    67.72975088621763,
    67.72975088621763,
    77.41253393367896,
    77.41253393367896,
    87.80513623854696
  ],
  "std_fitness": [
    2.5414133451251737,
    2.6848961233031394,
    3.6677973233127887,
    3.5014930963906132,
    3.251493390008042,
    3.251493390008042,
    3.4654808345440995,
    3.3199463192554384,
    3.2041315414794864,
    3.1418747552077586,
    3.1418747552077586,
    3.071937027252481,
    3.071937027252481,
    3.240215047902076,
    3.142742187006715,
    3.1222286316969203,
    3.1222286316969203,
    3.3368213398482034,
    3.2604684184545807,
    2.9260028128648705,
    2.8243853534395247,
    2.6678141167477056,
    2.6678141167477056,
    2.662293555549972,
    2.662293555549972,
    2.50542817617697,
    2.1657039729232035,
    2.1657039729232035,
    2.055446280286941,
    24.467409182536684,
    24.43849723545548,
    24.38096969555711,
    27.17664649791679,
    27.17664649791679,
    27.17664649791679,
    27.08414833892531,
    27.08414833892531,
    27.023501657638924,
    27.023501657638924,
    27.023501657638924,
    26.932896002134047,
    26.932896002134047,
    26.77376842947204,
    26.705799302564813,
    26.704938124381513,
    26.66246452541521,
    26.66246452541521,
    31.77040392700883,
    33.621569183725526,
    33.621569183725526,
    33.3063541556789,
    33.3063541556789,
    33.3063541556789,
    33.06678434951868,
    33.06678434951868,
    33.06678434951868,
    59.55708231440875,
    59.346488535943585,
    59.346488535943585,
    58.83878352711542,
    58.83878352711542,
    58.83878352711542,
    58.83878352711542,
    58.83878352711542,
    58.06594584691706,
    57.519615265228474,
    57.519615265228474,
    56.98419841622051,
    56.32707292634156,
    56.32707292634156,
    56.313370610509715,
    56.313370610509715,
    56.313370610509715,
    56.313370610509715,
    56.592761966845636,
    56.592761966845636,
    56.592761966845636,
    56.592761966845636,
    56.592761966845636,
    56.592761966845636,
    56.592761966845636,
    56.55504747604266,
    56.55504747604266,
    56.55504747604266,
    56.55504747604266,
    56.55504747604266,
    56.36424745137768,
    56.36424745137768,
    55.400543622483845,
    55.27126142200282,
    55.27126142200282,
    55.27126142200282,
    54.950301939917814,
    54.950301939917814,
    54.950301939917814,
    54.950301939917814,
    54.52578351145841,
    54.52578351145841,
    62.425130068264565,
    62.425130068264565,
    69.66515113336332
  ],