{
  "generation": [
    0,
    1,
    2,
    3,
    4,
    5,
    6,
    7,
    8,
    9,
    10,
    11,
    12,
    13,
    14,
    15,
    16,
    17,
    18,
    19,
    20,
    21,
    22,
    23,
    24,
    25,
    26,
    27,
    28,
    29,
    30,
    31,
    32,
    33,
    34,
    35,
    36,
    37,
    38,
    39,
    40,
    41,
    42,
    43,
    44,
    45,
    46,
    47,
    48,
    49,
    50,
    51,
    52,
    53,
    54,
    55,
    56,
    57,
    58,
    59,
    60,
    61,
    62,
    63,
    64,
    65,
    66,
    67,
    68,
    69,
    70,
    71,
    72,
    73,
    74,
    75,
    76,
    77,
    78,
    79,
    80,
    81,
    82,
    83,
    84,
    85,
    86,
    87,
    88,
    89,
    90,
    91,
    92,
    93,
    94,
    95,
    96,
    97,
    98,
    99,
    100
  ],
  "hypervolume": [
    16621701833.205667,
    16621701833.205667,
    16621701833.205667,
    16621701833.205667,
    16621701833.205667,
    16621701833.205667,
    16621701833.205667,
    16621701833.205667,
    16621701833.205667,
    16621701833.205667,
    16621701833.205667,
    16621701833.205667,
    16621701833.205667,
    16621701833.205667,
    16621701833.205667,
    16621701833.205667,
    16621701833.205667,
    16621701833.205667,
    16621701833.205667,
    16621701833.205667,
    16621701833.205667,
    16621701833.205667,
    16621701833.205667,
    16621701833.205667,
    16621701833.205667,
    16621701833.205667,
    16621701833.205667,
    16621701833.205667,
    16621701833.205667,
    16621701833.205667,
    16621701833.205667,
    16621701833.205667,
    16621701833.205667,
    16621701833.205667,
    16621701833.205667,
    16621701833.205667,
    16621701833.205667,
    16621701833.205667,
    16621701833.205667,
    16621701833.205667,
    16621701833.205667,
    16621701833.205667,
    16621701833.205667,
    16621701833.205667,
    16621701833.205667,
    16621701833.205667,
    16621701833.205667,
    16621701833.205667,
    16621701833.205667,
    16621701833.205667,
    16621701833.205667,
    16621701833.205667,
    16621701833.205667,
    16621701833.205667,
    16621701833.205667,
    16621701833.205667,
    16621701833.205667,
    16621701833.205667,
    16621701833.205667,
    16621701833.205667,
    16621701833.205667,
    16621701833.205667,
    16621701833.205667,
    16621701833.205667,
    16621701833.205667,
    16621701833.205667,
    16621701833.205667,
    16621701833.205667,
    16621701833.205667,
    16621701833.205667,
    16621701833.205667,
    16621701833.205667,
    16621701833.205667,
    16621701833.205667,
    16621701833.205667,
    16621701833.205667,
    16621701833.205667,
    16621701833.205667,
    16621701833.205667,
    16621701833.205667,
    16621701833.205667,
    16621701833.205667,
    16621701833.205667,
    16621701833.205667,
    16621701833.205667,
    16621701833.205667,
    16621701833.205667,
    16621701833.205667,
    16621701833.205667,
    16621701833.205667,
    16621701833.205667,
    16621701833.205667,
    16621701833.205667,
    16621701833.205667,
    16621701833.205667,
    16621701833.205667,
    16621701833.205667,
    16621701833.205667,
    16621701833.205667,
    16621701833.205667,
    16621701833.205667
  ],
  "max_beta": [
    17.368338952730625,
    64.33192137815864,
    64.33192137815864,
    64.33192137815864,
    64.33192137815864,
    64.33192137815864,
    64.33192137815864,
    122.69577385302095,
    122.69577385302095,
    122.69577385302095,
    122.69577385302095,
    122.69577385302095,
    604.3872578319136,
    604.3872578319136,
    604.3872578319136,
    604.3872578319136,
    604.3872578319136,
    604.3872578319136,
    604.3872578319136,
    604.3872578319136,
    604.3872578319136,
    604.3872578319136,
    604.3872578319136,
    604.3872578319136,
    604.3872578319136,
    604.3872578319136,
    604.3872578319136,
    604.3872578319136,
    604.3872578319136,
    604.3872578319136,
    604.3872578319136,
    604.3872578319136,
    604.3872578319136,
    604.3872578319136,
    604.3872578319136,
    604.3872578319136,
    604.3872578319136,
    604.3872578319136,
    604.3872578319136,
    604.3872578319136,
    604.3872578319136,
    604.3872578319136,
    604.3872578319136,
    604.3872578319136,
    604.3872578319136,
    606.8243281203714,
    606.8243281203714,
    606.8243281203714,
    606.8243281203714,
    606.8243281203714,
    606.8243281203714,
    606.8243281203714,
    606.8243281203714,
    606.8243281203714,
    606.8243281203714,
    606.8243281203714,
    606.8243281203714,
    2672.490309374343,
    2672.490309374343,
    2672.490309374343,
    2672.490309374343,
    2672.490309374343,
    2672.490309374343,
    2672.490309374343,
    2672.490309374343,
    2672.490309374343,
    2672.490309374343,
    2672.490309374343,
    2672.490309374343,
    2672.490309374343,
    2672.490309374343,
    2672.490309374343,
    2672.490309374343,
    2672.490309374343,
    2672.490309374343,
    2672.490309374343,
    2672.490309374343,
    2672.490309374343,
    2672.490309374343,
    2672.490309374343,
    2672.490309374343,
    2672.490309374343,
    2672.490309374343,
    2672.490309374343,
    2672.490309374343,
    2672.490309374343,
    2672.490309374343,
    2672.490309374343,
    2672.490309374343,
    2672.490309374343,
    2672.490309374343,
    2672.490309374343,
    2672.490309374343,
    2672.490309374343,
    2672.490309374343,
    2672.490309374343,
    2672.490309374343,
    2672.490309374343,
    2672.490309374343,
    2672.490309374343,
    2672.490309374343
  ],
  "avg_beta": [
    4.517137518500215,
    8.606516528487003,
    5.236812334705009,
    5.085165824339883,
    5.402935238279101,
    5.327778566100682,
    4.690405639991288,
    8.227995781948204,
    8.435439913639964,
    8.100693448741625,
    7.00427880718823,
    7.253451866793587,
    37.45848921772653,
    31.863811616746073,
    31.82374845144717,
    31.31216235476284,
    31.25859394622089,
    32.4967521266246,
    32.63165768143178,
    31.833529432252714,
    30.958667164924854,
    31.463771302814855,
    32.40128776025449,
    31.236848870669025,
    31.34740051287458,
    28.470322963759365,
    29.541423915691485,
    29.680728287928115,
    31.81820326100447,
    31.015947991772112,
    31.36057622236661,
    31.03281870108379,
    31.35682377834606,
    30.92865743582277,
    31.594665041601463,
    32.4483070599221,
    35.01510826454147,
    30.35948551330232,
    32.344613693534995,
    31.608079359899268,
    31.406961181298936,
    35.4120820958142,
    31.999533147650617,
    32.4849412595385,
    31.414464890292017,
    32.14997653769962,
    30.86741478202191,
    32.34935602531148,
    32.761619213366814,
    34.75107507044848,
    33.95751459189997,
    33.02454397747198,
    34.15920547534547,
    31.40984185929119,
    31.928173816585325,
    31.732242134582584,
    31.431781434402133,
    135.6110044914762,
    134.82549871598843,
    135.54297976888267,
    135.47149881742615,
    139.4652657169131,
    134.29181232702405,
    134.8158707693255,
    134.74976921675676,
    135.12615939212316,
    134.82177461260474,
    135.03634073300864,
    137.22268981961676,
    137.71333835156798,
    136.30992033524566,
    134.87624248247556,
    135.16001217695862,
    135.11242676619165,
    134.932533264092,
    135.5440551550035,
    135.51694415765752,
    135.78937083470709,
    136.06780175464172,
    179.1255609265874,
    180.04962716534203,
    173.8513797650844,
    180.072163965659,
    136.0874677256372,
    135.39728901217072,
    135.25873008910867,
    134.65435452001455,
    136.19135087146887,
    136.8375375163347,
    135.79708929114992,
    136.8230095977015,
    135.997102515187,
    136.30934801302374,
    162.7860348377314,
    136.314632511749,
    139.96414229543268,
    136.21850172328124,
    136.5573773532576,
    135.05261229722188,
    135.32909794912064,
    134.70810837817476
  ],