{
  "generations": [
    0,
    1,
    2,
    3,
    4,
    5,
    6,
    7,
    8,
    9,
    10,
    11,
    12,
    13,
    14,
    15,
    16,
    17,
    18,
    19,
    20,
    21,
    22,
    23,
    24,
    25,
    26,
    27,
    28,
    29,
    30,
    31,
    32,
    33,
    34,
    35,
    36,
    37,
    38,
    39,
    40,
    41,
    42,
    43,
    44,
    45,
    46,
    47,
    48,
    49,
    50,
    51,
    52,
    53,
    54,
    55,
    56,
    57,
    58,
    59,
    60,
    61,
    62,
    63,
    64,
    65,
    66,
    67,
    68,
    69,
    70,
    71,
    72,
    73,
    74,
    75,
    76,
    77,
    78,
    79,
    80,
    81,
    82,
    83,
    84,
    85,
    86,
    87,
    88,
    89,
    90,
    91,
    92,
    93,
    94,
    95,
    96,
    97,
    98,
    99,
    100
  ],
  "best_fitness": [
    51.418496293681606,
    51.418496293681606,
    51.418496293681606,
    75.40097192224623,
    75.40097192224623,
    75.40097192224623,
    75.40097192224623,
    103.38967441860466,
    103.38967441860466,
    103.38967441860466,
    231.94894117647058,
    231.94894117647058,
    231.94894117647058,
    729.7352501867065,
    729.7352501867065,
    729.7352501867065,
    729.7352501867065,
    729.7352501867065,
    729.7352501867065,
    729.7352501867065,
    729.7352501867065,
    729.7352501867065,
    729.7352501867065,
    729.7352501867065,
    729.7352501867065,
    729.7352501867065,
    729.7352501867065,
    729.7352501867065,
    729.7352501867065,
    729.7352501867065,
    729.7352501867065,
    729.7352501867065,
    729.7352501867065,
    729.7352501867065,
    729.7352501867065,
    729.7352501867065,
    729.7352501867065,
    729.7352501867065,
    729.7352501867065,
    729.7352501867065,
    729.7352501867065,
    729.7352501867065,
    729.7352501867065,
    729.7352501867065,
    729.7352501867065,
    729.7352501867065,
    729.7352501867065,
    729.7352501867065,
    729.7352501867065,
    729.7352501867065,
    729.7352501867065,
    729.7352501867065,
    729.7352501867065,
    729.7352501867065,
    729.7352501867065,
    729.7352501867065,
    729.7352501867065,
    729.7352501867065,
    729.7352501867065,
    729.7352501867065,
    729.7352501867065,
    729.7352501867065,
    729.7352501867065,
    729.7352501867065,
    729.7352501867065,
    729.7352501867065,
    729.7352501867065,
    729.7352501867065,
    729.7352501867065,
    729.7352501867065,
    729.7352501867065,
    729.7352501867065,
    729.7352501867065,
    729.7352501867065,
    729.7352501867065,
    729.7352501867065,
    729.7352501867065,
    729.7352501867065,
    729.7352501867065,
    729.7352501867065,
    729.7352501867065,
    729.7352501867065,
    729.7352501867065,
    729.7352501867065,
    729.7352501867065,
    729.7352501867065,
    729.7352501867065,
    729.7352501867065,
    729.7352501867065,
    729.7352501867065,
    729.7352501867065,
    729.7352501867065,
    729.7352501867065,
    729.7352501867065,
    729.7352501867065,
    729.7352501867065,
    729.7352501867065,
    729.7352501867065,
    729.7352501867065,
    729.7352501867065,
    729.7352501867065
  ],
  "mean_fitness": [
    -49999993.52897195,
    8.738393364360997,
    11.55748549004974,
    15.691544490733065,
    15.82685226122888,
    17.49674858234608,
    17.49674858234608,
    23.267278026603176,
    24.534122098554988,
    24.766703559618772,
    35.887268985021144,
    37.51592326444873,
    37.51592326444873,
    73.89378189592233,
    73.89378189592233,
    74.38532505186204,
    77.78710508783168,
    77.78710508783168,
    107.20544195951064,
    107.95506936425924,
    110.40537551458317,
    118.99867221131483,
    121.36137743782801,
    122.59053671550737,
    122.59689104328027,
    122.59689104328027,
    122.59971405415688,
    123.68406340094948,
    123.68406340094948,
    126.33551932449897,
    126.33551932449897,
    126.33551932449897,
    126.33551932449897,
    135.91392431698284,
    138.43071092180372,
    138.43071092180372,
    139.3652536741503,
    139.3652536741503,
    139.3652536741503,
    139.3652536741503,
    147.19286412125274,
    149.61057313467626,
    149.61057313467626,
    149.61057313467626,
    152.46656170072916,
    160.68026236818054,
    161.4041271941858,
    161.4041271941858,
    161.4041271941858,
    162.62818120468756,
    162.62818120468756,
    163.6199227052836,
    163.6199227052836,
    163.6199227052836,
    164.8846474425215,
    166.43314649874077,
    166.43314649874077,
    166.43314649874077,
    166.43314649874077,
    170.09365809465731,
    170.09365809465731,
    170.09365809465731,
    170.09365809465731,
    170.09365809465731,
    170.97485644340645,
    182.8608632197967,
    182.8608632197967,
    187.0967407361839,
    187.0967407361839,
    187.0967407361839,
    187.0967407361839,
    187.0967407361839,
    212.47432673622166,
    212.47432673622166,
    212.47432673622166,
    212.47432673622166,
    212.47432673622166,
    212.47432673622166,
    212.47432673622166,
    212.47432673622166,
    212.47432673622166,
    212.47432673622166,
    212.47432673622166,
    212.47432673622166,
    212.47432673622166,
    212.47432673622166,
    212.47432673622166,
    212.47432673622166,
    212.47432673622166,
    212.47432673622166,
    212.47432673622166,
    212.47432673622166,
    212.47432673622166,
    212.47432673622166,
    212.47432673622166,
    214.19119519029556,
    214.19119519029556,
    214.19119519029556,
    214.19937553630507,
    214.19937553630507,
    214.19937553630507
  ],
  "std_fitness": [
    217944948.6615896,
    10.163558749379025,
    10.579194873160727,
    17.145539940578747,
    17.07629596760022,
    16.38468497093257,
    16.38468497093257,
    24.549109865842794,
    24.105653691168932,
    23.97804411666747,
    50.85181779903277,
    50.22160412772262,
    50.22160412772262,
    158.4439950573686,
    158.4439950573686,
    158.2683346540294,
    157.6255755531779,
    157.6255755531779,
    193.71427844851434,
    193.38103405927123,
    192.3942573836258,
    189.71111264319535,
    188.7774335590152,
    188.20455612426045,
    188.20115799933316,
    188.20115799933316,
    188.19964961654247,
    187.67904852082674,
    187.67904852082674,
    186.6017287014493,
    186.6017287014493,
    186.6017287014493,
    186.6017287014493,
    183.82535057075123,
    182.5128477598394,
    182.5128477598394,
    182.05203087237547,
    182.05203087237547,
    182.05203087237547,
    182.05203087237547,
    181.13613112037567,
    180.0946026556139,
    180.0946026556139,
    180.0946026556139,
    178.96416331576776,
    177.93025699018847,
    177.52201190154642,
    177.52201190154642,
    177.52201190154642,
    176.86418157619872,
    176.86418157619872,
    176.3119701245425,
    176.3119701245425,
    176.3119701245425,
    175.6418374829722,
    174.8545513603626,
    174.8545513603626,
    174.8545513603626,
    174.8545513603626,
    173.3539321218918,
    173.3539321218918,
    173.3539321218918,
    173.3539321218918,
    173.3539321218918,
    172.88207638725567,
    174.0166793777207,
    174.0166793777207,
    171.7045217405412,
    171.7045217405412,
    171.7045217405412,
    171.7045217405412,
    171.7045217405412,
    190.3520337664273,
    190.3520337664273,
    190.3520337664273,
    190.3520337664273,
    190.3520337664273,
    190.3520337664273,
    190.3520337664273,
    190.3520337664273,
    190.3520337664273,
    190.3520337664273,
    190.3520337664273,
    190.3520337664273,
    190.3520337664273,
    190.3520337664273,
    190.3520337664273,
    190.3520337664273,
    190.3520337664273,
    190.3520337664273,
    190.3520337664273,
    190.3520337664273,
    190.3520337664273,
    190.3520337664273,
    190.3520337664273,
    189.303515908532,
    189.303515908532,
    189.303515908532,
    189.2978783680083,
    189.2978783680083,
    189.2978783680083
  ],