{
  "generation": [
    0,
    1,
    2,
    3,
    4,
    5,
    6,
    7,
    8,
    9,
    10,
    11,
    12,
    13,
    14,
    15,
    16,
    17,
    18,
    19,
    20,
    21,
    22,
    23,
    24,
    25,
    26,
    27,
    28,
    29,
    30,
    31,
    32,
    33,
    34,
    35,
    36,
    37,
    38,
    39,
    40,
    41,
    42,
    43,
    44,
    45,
    46,
    47,
    48,
    49,
    50,
    51,
    52,
    53,
    54,
    55,
    56,
    57,
    58,
    59,
    60,
    61,
    62,
    63,
    64,
    65,
    66,
    67,
    68,
    69,
    70,
    71,
    72,
    73,
    74,
    75,
    76,
    77,
    78,
    79,
    80,
    81,
    82,
    83,
    84,
    85,
    86,
    87,
    88,
    89,
    90,
    91,
    92,
    93,
    94,
    95,
    96,
    97,
    98,
    99,
    100
  ],
  "hypervolume": [
    7688047070.100623,
    7688047070.100623,
    7688047070.100623,
    7688047070.100623,
    7688047070.100623,
    7688047070.100623,
    7688047070.100623,
    7688047070.100623,
    7688047070.100623,
    7688047070.100623,
    7688047070.100623,
    7688047070.100623,
    7688047070.100623,
    7688047070.100623,
    7688047070.100623,
    7688047070.100623,
    7688047070.100623,
    7688047070.100623,
    7688047070.100623,
    7688047070.100623,
    7688047070.100623,
    7688047070.100623,
    7688047070.100623,
    7688047070.100623,
    7688047070.100623,
    7688047070.100623,
    7688047070.100623,
    7688047070.100623,
    7688047070.100623,
    7688047070.100623,
    7688047070.100623,
    7688047070.100623,
    7688047070.100623,
    7688047070.100623,
    7688047070.100623,
    7688047070.100623,
    7688047070.100623,
    7688047070.100623,
    7688047070.100623,
    7688047070.100623,
    7688047070.100623,
    7688047070.100623,
    7688047070.100623,
    7688047070.100623,
    7688047070.100623,
    7688047070.100623,
    7688047070.100623,
    7688047070.100623,
    7688047070.100623,
    7688047070.100623,
    7688047070.100623,
    7688047070.100623,
    7688047070.100623,
    7688047070.100623,
    7688047070.100623,
    7688047070.100623,
    7688047070.100623,
    7688047070.100623,
    7688047070.100623,
    7688047070.100623,
    7688047070.100623,
    7688047070.100623,
    7688047070.100623,
    7688047070.100623,
    7688047070.100623,
    7688047070.100623,
    7688047070.100623,
    7688047070.100623,
    7688047070.100623,
    7688047070.100623,
    7688047070.100623,
    7688047070.100623,
    7688047070.100623,
    7688047070.100623,
    7688047070.100623,
    7688047070.100623,
    7688047070.100623,
    7688047070.100623,
    7688047070.100623,
    7688047070.100623,
    7688047070.100623,
    7688047070.100623,
    7688047070.100623,
    7688047070.100623,
    7688047070.100623,
    7688047070.100623,
    7688047070.100623,
    7688047070.100623,
    7688047070.100623,
    7688047070.100623,
    7688047070.100623,
    7688047070.100623,
    7688047070.100623,
    7688047070.100623,
    7688047070.100623,
    7688047070.100623,
    7688047070.100623,
    7688047070.100623,
    7688047070.100623,
    7688047070.100623,
    7688047070.100623
  ],
  "max_beta": [
    8.104065451247985,
    31.93961663430651,
    31.93961663430651,
    31.93961663430651,
    31.93961663430651,
    31.93961663430651,
    31.93961663430651,
    65.97376529921071,
    65.97376529921071,
    65.97376529921071,
    65.97376529921071,
    65.97376529921071,
    65.97376529921071,
    65.97376529921071,
    65.97376529921071,
    65.97376529921071,
    65.97376529921071,
    65.97376529921071,
    65.97376529921071,
    2266.288914464195,
    2266.288914464195,
    2266.288914464195,
    2266.288914464195,
    2266.288914464195,
    2266.288914464195,
    2266.288914464195,
    2266.288914464195,
    2266.288914464195,
    2266.288914464195,
    2266.288914464195,
    2266.288914464195,
    2266.288914464195,
    2266.288914464195,
    2266.288914464195,
    2266.288914464195,
    2266.288914464195,
    2266.288914464195,
    2266.288914464195,
    2266.288914464195,
    2266.288914464195,
    2266.288914464195,
    2266.288914464195,
    2266.288914464195,
    2266.288914464195,
    2266.288914464195,
    2266.288914464195,
    2266.288914464195,
    2266.288914464195,
    2266.288914464195,
    2266.288914464195,
    2266.288914464195,
    2266.288914464195,
    2266.288914464195,
    2266.288914464195,
    2266.288914464195,
    2266.288914464195,
    2266.288914464195,
    2266.288914464195,
    2266.288914464195,
    2266.288914464195,
    2266.288914464195,
    2266.288914464195,
    2266.288914464195,
    2266.288914464195,
    2266.288914464195,
    2266.288914464195,
    2266.288914464195,
    2266.288914464195,
    2266.288914464195,
    2266.288914464195,
    2266.288914464195,
    2266.288914464195,
    2266.288914464195,
    2266.288914464195,
    2266.288914464195,
    2266.288914464195,
    2266.288914464195,
    2266.288914464195,
    2266.288914464195,
    2266.288914464195,
    2266.288914464195,
    2266.288914464195,
    2266.288914464195,
    2266.288914464195,
    2266.288914464195,
    2266.288914464195,
    2266.288914464195,
    2266.288914464195,
    2266.288914464195,
    2266.288914464195,
    2266.288914464195,
    2266.288914464195,
    2266.288914464195,
    2266.288914464195,
    2266.288914464195,
    2266.288914464195,
    2266.288914464195,
    2266.288914464195,
    2266.288914464195,
    2266.288914464195,
    2266.288914464195
  ],
  "avg_beta": [
    2.4873234004631626,
    -32.46371567483132,
    -31.473940219857248,
    -30.606530003496488,
    -31.37794671286869,
    -32.007234549608704,
    -31.485017618739278,
    -27.58168718029473,
    5.868454498658259,
    5.946433003488879,
    5.918807456034176,
    6.379821643439763,
    5.774443159960255,
    5.533840350006754,
    7.172943175190477,
    5.701131122891167,
    5.136429630520428,
    5.311983274874483,
    5.676704631085713,
    115.63449751133831,
    111.5026125067581,
    115.67109250392318,
    114.3033664495996,
    117.68636766295326,
    114.23300231361728,
    114.68643196608998,
    113.68660003721489,
    115.53354992236238,
    116.06402106365167,
    116.73490223002746,
    115.76522435718694,
    112.49247316132042,
    113.74921878434907,
    114.57498536894352,
    114.82691807476593,
    114.89263818340073,
    116.79410203033353,
    116.76989006760917,
    117.71708292323372,
    115.11187908808147,
    115.43657123274707,
    115.19911620025428,
    -15.445586104153964,
    -14.825954661510107,
    -14.661626789253699,
    124.71679898463167,
    120.09115118193017,
    118.52231039060109,
    118.51791806025594,
    118.66646216726126,
    119.82902859053995,
    122.32306475879723,
    119.89637745387365,
    121.06265786190902,
    119.1176713861352,
    119.73677005293715,
    121.54444236618653,
    121.80765795116388,
    119.51890000607447,
    118.70409181253967,
    118.62320038645187,
    122.62011585531062,
    120.08648183609716,
    120.78144914624684,
    119.3979352982524,
    119.19033610782529,
    121.71653715728965,
    119.02093482381392,
    118.90212813967393,
    119.61621548666952,
    123.60972462773873,
    123.02087754119657,
    120.16823950314169,
    119.54456464745525,
    121.83071806084808,
    121.65547065334499,
    120.02825349728198,
    119.61255980727492,
    121.04350919416954,
    118.17301519154948,
    117.17560087880065,
    116.67240384229301,
    118.28622316073763,
    119.24793975588007,
    118.01591961555566,
    117.49096515458658,
    119.48801615943766,
    119.99360867813759,
    124.6310522284507,
    118.58770851081754,
    118.79593913357039,
    118.77499734392754,
    118.70848914912249,
    120.66759166896085,
    119.49746883168413,
    121.14714536771164,
    119.94454285565887,
    118.66990924738559,
    118.39586888886461,
    122.46328642856058,
    120.29280770577216
  ],