{
  "generation": [
    0,
    1,
    2,
    3,
    4,
    5,
    6,
    7,
    8,
    9,
    10,
    11,
    12,
    13,
    14,
    15,
    16,
    17,
    18,
    19,
    20,
    21,
    22,
    23,
    24,
    25,
    26,
    27,
    28,
    29,
    30,
    31,
    32,
    33,
    34,
    35,
    36,
    37,
    38,
    39,
    40,
    41,
    42,
    43,
    44,
    45,
    46,
    47,
    48,
    49,
    50,
    51,
    52,
    53,
    54,
    55,
    56,
    57,
    58,
    59,
    60,
    61,
    62,
    63,
    64,
    65,
    66,
    67,
    68,
    69,
    70,
    71,
    72,
    73,
    74,
    75,
    76,
    77,
    78,
    79,
    80,
    81,
    82,
    83,
    84,
    85,
    86,
    87,
    88,
    89,
    90,
    91,
    92,
    93,
    94,
    95,
    96,
    97,
    98,
    99,
    100
  ],
  "hypervolume": [
    106337827496.01819,
    106337827496.01819,
    106337827496.01819,
    106337827496.01819,
    106337827496.01819,
    106337827496.01819,
    106337827496.01819,
    106337827496.01819,
    106337827496.01819,
    106337827496.01819,
    106337827496.01819,
    106337827496.01819,
    106337827496.01819,
    106337827496.01819,
    106337827496.01819,
    106337827496.01819,
    106337827496.01819,
    106337827496.01819,
    106337827496.01819,
    106337827496.01819,
    106337827496.01819,
    106337827496.01819,
    106337827496.01819,
    106337827496.01819,
    106337827496.01819,
    106337827496.01819,
    106337827496.01819,
    106337827496.01819,
    106337827496.01819,
    106337827496.01819,
    106337827496.01819,
    106337827496.01819,
    106337827496.01819,
    106337827496.01819,
    106337827496.01819,
    106337827496.01819,
    106337827496.01819,
    106337827496.01819,
    106337827496.01819,
    106337827496.01819,
    106337827496.01819,
    106337827496.01819,
    106337827496.01819,
    106337827496.01819,
    106337827496.01819,
    106337827496.01819,
    106337827496.01819,
    106337827496.01819,
    106337827496.01819,
    106337827496.01819,
    106337827496.01819,
    106337827496.01819,
    106337827496.01819,
    106337827496.01819,
    106337827496.01819,
    106337827496.01819,
    106337827496.01819,
    106337827496.01819,
    106337827496.01819,
    106337827496.01819,
    106337827496.01819,
    106337827496.01819,
    106337827496.01819,
    106337827496.01819,
    106337827496.01819,
    106337827496.01819,
    106337827496.01819,
    106337827496.01819,
    106337827496.01819,
    106337827496.01819,
    106337827496.01819,
    106337827496.01819,
    106337827496.01819,
    106337827496.01819,
    106337827496.01819,
    106337827496.01819,
    106337827496.01819,
    106337827496.01819,
    106337827496.01819,
    106337827496.01819,
    106337827496.01819,
    106337827496.01819,
    106337827496.01819,
    106337827496.01819,
    106337827496.01819,
    106337827496.01819,
    106337827496.01819,
    106337827496.01819,
    106337827496.01819,
    106337827496.01819,
    106337827496.01819,
    106337827496.01819,
    106337827496.01819,
    106337827496.01819,
    106337827496.01819,
    106337827496.01819,
    106337827496.01819,
    106337827496.01819,
    106337827496.01819,
    106337827496.01819,
    106337827496.01819
  ],
  "max_beta": [
    112.48108782454052,
    112.48108782454052,
    112.48108782454052,
    112.48108782454052,
    112.48108782454052,
    112.48108782454052,
    112.48108782454052,
    122.7113231177442,
    122.7113231177442,
    122.7113231177442,
    122.7113231177442,
    122.7113231177442,
    122.7113231177442,
    122.7113231177442,
    122.7113231177442,
    122.7113231177442,
    122.7113231177442,
    122.7113231177442,
    122.7113231177442,
    122.7113231177442,
    122.7113231177442,
    122.7113231177442,
    122.7113231177442,
    122.7113231177442,
    122.7113231177442,
    122.7113231177442,
    122.7113231177442,
    122.7113231177442,
    225.6456252791003,
    225.6456252791003,
    225.6456252791003,
    225.6456252791003,
    225.6456252791003,
    225.6456252791003,
    225.6456252791003,
    225.6456252791003,
    225.6456252791003,
    225.6456252791003,
    948.5040641954972,
    948.5040641954972,
    948.5040641954972,
    948.5040641954972,
    948.5040641954972,
    948.5040641954972,
    948.5040641954972,
    948.5040641954972,
    948.5040641954972,
    948.5040641954972,
    948.5040641954972,
    948.5040641954972,
    948.5040641954972,
    948.5040641954972,
    948.5040641954972,
    948.5040641954972,
    948.5040641954972,
    948.5040641954972,
    948.5040641954972,
    948.5040641954972,
    948.5040641954972,
    948.5040641954972,
    948.5040641954972,
    948.5040641954972,
    948.5040641954972,
    948.5040641954972,
    948.5040641954972,
    948.5040641954972,
    948.5040641954972,
    948.5040641954972,
    948.5040641954972,
    948.5040641954972,
    948.5040641954972,
    948.5040641954972,
    948.5040641954972,
    948.5040641954972,
    948.5040641954972,
    948.5040641954972,
    948.5040641954972,
    948.5040641954972,
    948.5040641954972,
    948.5040641954972,
    948.5040641954972,
    948.5040641954972,
    948.5040641954972,
    948.5040641954972,
    948.5040641954972,
    948.5040641954972,
    948.5040641954972,
    948.5040641954972,
    948.5040641954972,
    948.5040641954972,
    948.5040641954972,
    948.5040641954972,
    948.5040641954972,
    948.5040641954972,
    948.5040641954972,
    948.5040641954972,
    948.5040641954972,
    948.5040641954972,
    948.5040641954972,
    948.5040641954972,
    948.5040641954972
  ],
  "avg_beta": [
    10.512625604825224,
    10.427385643611034,
    9.205763823800073,
    13.47749321087088,
    13.808178138738555,
    12.27379774642888,
    12.522149076700007,
    17.46794949284488,
    13.734397318233144,
    7.209043700375256,
    7.4414610651692445,
    6.980754006392873,
    7.315099674253899,
    7.595703107137309,
    8.173279303648656,
    7.234316219907687,
    7.681663813149974,
    8.017668120011265,
    7.021010607267297,
    8.233066568708514,
    8.167312817246472,
    8.473643838287591,
    6.6476044950347815,
    7.280046990834144,
    6.8353713418921505,
    5.9217094049156485,
    7.064373126434512,
    7.981307797715232,
    18.976299825894827,
    8.358565405397325,
    11.52928638490927,
    12.945026762888215,
    15.866621663217732,
    14.129720791494318,
    13.822926734726646,
    13.867904822369022,
    14.82719134384189,
    13.289527668203693,
    49.667333362888066,
    50.845175847303594,
    51.219539339463196,
    50.93013068796209,
    51.41446182305291,
    50.30970898927844,
    49.25560869623095,
    50.154216203012346,
    48.4578857514425,
    50.78905867253811,
    51.6601587452865,
    50.697199403912364,
    50.32481597192563,
    52.246619788253916,
    52.52502709810299,
    52.48689491675267,
    51.24566462726157,
    55.874242703891696,
    53.42124438655285,
    52.58757800337327,
    51.680799258268465,
    54.32506353951688,
    52.276153099516456,
    53.76734851857092,
    54.40598001958942,
    53.92391858897262,
    53.04311638531418,
    54.224434758189965,
    54.24596649426873,
    52.632214047739375,
    53.23452225702634,
    53.445391708166355,
    53.69261738539916,
    53.784044846756935,
    54.4793132170901,
    53.41305727988996,
    53.773019878385824,
    54.86505813272097,
    53.563879429431935,
    53.93593193824596,
    53.84049437603301,
    53.68368192988588,
    54.275538763682526,
    53.382687997983716,
    53.34292603209529,
    57.945465404237055,
    52.52147524145944,
    51.753774726918195,
    52.41937762369908,
    51.72482878590779,
    52.93947964334829,
    52.22820190835216,
    51.35296488585137,
    49.08240779456154,
    50.674053275762375,
    50.40749753178285,
    50.4856476411216,
    50.475091730509945,
    50.667303069569066,
    51.02595810396556,
    51.394439981445444,
    50.912947486705306,
    51.90110987114584
  ],