{
  "generations": [
    0,
    1,
    2,
    3,
    4,
    5,
    6,
    7,
    8,
    9,
    10,
    11,
    12,
    13,
    14,
    15,
    16,
    17,
    18,
    19,
    20,
    21,
    22,
    23,
    24,
    25,
    26,
    27,
    28,
    29,
    30,
    31,
    32,
    33,
    34,
    35,
    36,
    37,
    38,
    39,
    40,
    41,
    42,
    43,
    44,
    45,
    46,
    47,
    48,
    49,
    50,
    51,
    52,
    53,
    54,
    55,
    56,
    57,
    58,
    59,
    60,
    61,
    62,
    63,
    64,
    65,
    66,
    67,
    68,
    69,
    70,
    71,
    72,
    73,
    74,
    75,
    76,
    77,
    78,
    79,
    80,
    81,
    82,
    83,
    84,
    85,
    86,
    87,
    88,
    89,
    90,
    91,
    92,
    93,
    94,
    95,
    96,
    97,
    98,
    99,
    100
  ],
  "best_fitness": [
    14.27701052631579,
    14.27701052631579,
    20.938252472915682,
    20.938252472915682,
    20.938252472915682,
    22.877250686184812,
    377.27125,
    377.27125,
    377.27125,
    377.27125,
    377.27125,
    377.27125,
    377.27125,
    377.27125,
    377.27125,
    377.27125,
    377.27125,
    377.27125,
    377.27125,
    377.27125,
    377.27125,
    377.27125,
    377.27125,
    377.27125,
    377.27125,
    377.27125,
    377.27125,
    377.27125,
    377.27125,
    377.27125,
    377.27125,
    377.27125,
    377.27125,
    377.27125,
    377.27125,
    377.27125,
    377.27125,
    377.27125,
    1039.639134709931,
    1039.639134709931,
    1039.639134709931,
    1039.639134709931,
    1039.639134709931,
    1039.639134709931,
    1039.639134709931,
    1039.639134709931,
    1039.639134709931,
    1039.639134709931,
    1039.639134709931,
    1039.639134709931,
    1039.639134709931,
    1039.639134709931,
    1039.639134709931,
    1039.639134709931,
    1039.639134709931,
    1039.639134709931,
    1039.639134709931,
    1039.639134709931,
    1039.639134709931,
    1039.639134709931,
    1039.639134709931,
    1039.639134709931,
    1039.639134709931,
    1039.639134709931,
    1039.639134709931,
    1039.639134709931,
    1039.639134709931,
    1039.639134709931,
    1039.639134709931,
    1039.639134709931,
    1039.639134709931,
    1039.639134709931,
    1039.639134709931,
    1039.639134709931,
    1039.639134709931,
    1039.639134709931,
    1039.639134709931,
    1039.639134709931,
    1039.639134709931,
    1039.639134709931,
    1039.639134709931,
    1039.639134709931,
    1039.639134709931,
    1039.639134709931,
    1039.639134709931,
    1039.639134709931,
    1039.639134709931,
    1039.639134709931,
    1039.639134709931,
    1039.639134709931,
    1039.639134709931,
    1039.639134709931,
    1039.639134709931,
    1039.639134709931,
    1039.639134709931,
    1039.639134709931,
    1039.639134709931,
    1039.639134709931,
    1039.639134709931,
    1039.639134709931,
    1039.639134709931
  ],
  "mean_fitness": [
    -49999996.85784654,
    5.895090156754472,
    8.193760625585368,
    8.96689165948168,
    9.830724878169617,
    10.905555960644783,
    30.893242624791903,
    31.544340331627204,
    33.15114405494933,
    33.503574737415505,
    33.7514576197462,
    34.65727953868838,
    36.109777541173656,
    36.42618894655625,
    36.67525625305147,
    37.542701339735956,
    37.626546480564066,
    37.99272889345259,
    37.99272889345259,
    40.342889978600816,
    40.361947364469906,
    41.08600306429416,
    41.11954438300917,
    44.831821609361654,
    45.22757279857239,
    45.86738353675428,
    46.29571388559355,
    46.67414504790072,
    46.67414504790072,
    46.67414504790072,
    46.67414504790072,
    47.73109176069117,
    48.70787406361416,
    48.70787406361416,
    48.70787406361416,
    51.44845099808024,
    53.58638177961026,
    70.19418615147131,
    123.90150998989209,
    136.56034884399295,
    136.56034884399295,
    139.0660203818939,
    145.45100480631632,
    153.8303323449224,
    154.65399360005816,
    162.81569825137993,
    162.81569825137993,
    162.81569825137993,
    173.58751961604153,
    173.58751961604153,
    178.10530303311987,
    178.10530303311987,
    179.04878503462183,
    179.04878503462183,
    179.73033702579687,
    180.17569848976797,
    182.90467157838026,
    182.90467157838026,
    182.90467157838026,
    182.93094959298512,
    182.93094959298512,
    182.93094959298512,
    183.95873952273743,
    184.1995993152634,
    184.23495403382407,
    185.34372025563195,
    185.4523207656295,
    185.4523207656295,
    185.4523207656295,
    185.4523207656295,
    187.5770619666585,
    187.5770619666585,
    187.5770619666585,
    189.2826165593961,
    189.2826165593961,
    189.2826165593961,
    189.2826165593961,
    189.2826165593961,
    189.2826165593961,
    189.2826165593961,
    189.2826165593961,
    191.3706697043871,
    191.3706697043871,
    191.3706697043871,
    191.3706697043871,
    191.3706697043871,
    191.3706697043871,
    208.40635629463637,
    210.3174169477626,
    210.3174169477626,
    212.1475676223177,
    217.99483571537297,
    217.99483571537297,
    217.99483571537297,
    217.99483571537297,
    217.99483571537297,
    217.99483571537297,
    217.99483571537297,
    217.99483571537297,
    217.99483571537297,
    219.19525678883102
  ],
  "std_fitness": [
    217944947.8978932,
    2.313614187421067,
    4.081858400431519,
    3.875603850568212,
    3.790871446937067,
    4.502818348908873,
    79.64223135891046,
    79.4677951694124,
    79.13320577394099,
    79.03663423909465,
    78.96991682702999,
    78.80377648251739,
    78.49457290156633,
    78.40429585610416,
    78.33027411469038,
    78.09191180625102,
    78.06678369159222,
    77.97176646249545,
    77.97176646249545,
    77.92077396985412,
    77.9145475586284,
    77.74147799792873,
    77.7303563813373,
    78.1655758355577,
    78.0340566565636,
    77.83440571257074,
    77.68628229174652,
    77.55903350937164,
    77.55903350937164,
    77.55903350937164,
    77.55903350937164,
    77.25826894955861,
    77.03652736357202,
    77.03652736357202,
    77.03652736357202,
    76.91635908041759,
    76.64632846642846,
    100.32683680882784,
    232.27938551236235,
    233.33371080947114,
    233.33371080947114,
    232.3715343821282,
    230.75071229533302,
    227.81988611089685,
    227.39170760482682,
    223.79997707289306,
    223.79997707289306,
    223.79997707289306,
    219.99468185832052,
    219.99468185832052,
    218.21088778247173,
    218.21088778247173,
    217.71912537245004,
    217.71912537245004,
    217.369490600431,
    217.14133074717935,
    216.09211210245323,
    216.09211210245323,
    216.09211210245323,
    216.07863271130952,
    216.07863271130952,
    216.07863271130952,
    215.59850518903366,
    215.4771862946556,
    215.4590700062868,
    214.94562586909868,
    214.88996561972738,
    214.88996561972738,
    214.88996561972738,
    214.88996561972738,
    213.90690215561676,
    213.90690215561676,
    213.90690215561676,
    213.14776343348743,
    213.14776343348743,
    213.14776343348743,
    213.14776343348743,
    213.14776343348743,
    213.14776343348743,
    213.14776343348743,
    213.14776343348743,
    212.24928763310632,
    212.24928763310632,
    212.24928763310632,
    212.24928763310632,
    212.24928763310632,
    212.24928763310632,
    216.28766227531796,
    215.31881113801072,
    215.31881113801072,
    214.40889958322944,
    211.86112114672656,
    211.86112114672656,
    211.86112114672656,
    211.86112114672656,
    211.86112114672656,
    211.86112114672656,
    211.86112114672656,
    211.86112114672656,
    211.86112114672656,
    211.23483585968287
  ],
  "objective": "beta_gamma_ratio",
  "maximize": true
}