{
  "generation": [
    0,
    1,
    2,
    3,
    4,
    5,
    6,
    7,
    8,
    9,
    10,
    11,
    12,
    13,
    14,
    15,
    16,
    17,
    18,
    19,
    20,
    21,
    22,
    23,
    24,
    25,
    26,
    27,
    28,
    29,
    30,
    31,
    32,
    33,
    34,
    35,
    36,
    37,
    38,
    39,
    40,
    41,
    42,
    43,
    44,
    45,
    46,
    47,
    48,
    49,
    50,
    51,
    52,
    53,
    54,
    55,
    56,
    57,
    58,
    59,
    60,
    61,
    62,
    63,
    64,
    65,
    66,
    67,
    68,
    69,
    70,
    71,
    72,
    73,
    74,
    75,
    76,
    77,
    78,
    79,
    80,
    81,
    82,
    83,
    84,
    85,
    86,
    87,
    88,
    89,
    90,
    91,
    92,
    93,
    94,
    95,
    96,
    97,
    98,
    99,
    100
  ],
  "hypervolume": [
    12443383515.592007,
    12443383515.592007,
    12443383515.592007,
    12443383515.592007,
    12443383515.592007,
    12443383515.592007,
    12443383515.592007,
    12443383515.592007,
    12443383515.592007,
    12443383515.592007,
    12443383515.592007,
    12443383515.592007,
    12443383515.592007,
    12443383515.592007,
    12443383515.592007,
    12443383515.592007,
    12443383515.592007,
    12443383515.592007,
    12443383515.592007,
    12443383515.592007,
    12443383515.592007,
    12443383515.592007,
    12443383515.592007,
    12443383515.592007,
    12443383515.592007,
    12443383515.592007,
    12443383515.592007,
    12443383515.592007,
    12443383515.592007,
    12443383515.592007,
    12443383515.592007,
    12443383515.592007,
    12443383515.592007,
    12443383515.592007,
    12443383515.592007,
    12443383515.592007,
    12443383515.592007,
    12443383515.592007,
    12443383515.592007,
    12443383515.592007,
    12443383515.592007,
    12443383515.592007,
    12443383515.592007,
    12443383515.592007,
    12443383515.592007,
    12443383515.592007,
    12443383515.592007,
    12443383515.592007,
    12443383515.592007,
    12443383515.592007,
    12443383515.592007,
    12443383515.592007,
    12443383515.592007,
    12443383515.592007,
    12443383515.592007,
    12443383515.592007,
    12443383515.592007,
    12443383515.592007,
    12443383515.592007,
    12443383515.592007,
    12443383515.592007,
    12443383515.592007,
    12443383515.592007,
    12443383515.592007,
    12443383515.592007,
    12443383515.592007,
    12443383515.592007,
    12443383515.592007,
    12443383515.592007,
    12443383515.592007,
    12443383515.592007,
    12443383515.592007,
    12443383515.592007,
    12443383515.592007,
    12443383515.592007,
    12443383515.592007,
    12443383515.592007,
    12443383515.592007,
    12443383515.592007,
    12443383515.592007,
    12443383515.592007,
    12443383515.592007,
    12443383515.592007,
    12443383515.592007,
    12443383515.592007,
    12443383515.592007,
    12443383515.592007,
    12443383515.592007,
    12443383515.592007,
    12443383515.592007,
    12443383515.592007,
    12443383515.592007,
    12443383515.592007,
    12443383515.592007,
    12443383515.592007,
    12443383515.592007,
    12443383515.592007,
    12443383515.592007,
    12443383515.592007,
    12443383515.592007,
    12443383515.592007
  ],
  "max_beta": [
    12.982947260121465,
    12.982947260121465,
    43.63567703226227,
    43.63567703226227,
    43.63567703226227,
    43.63567703226227,
    43.63567703226227,
    907.7488142866464,
    907.7488142866464,
    907.7488142866464,
    907.7488142866464,
    907.7488142866464,
    907.7488142866464,
    907.7488142866464,
    907.7488142866464,
    907.7488142866464,
    907.7488142866464,
    907.7488142866464,
    907.7488142866464,
    907.7488142866464,
    907.7488142866464,
    907.7488142866464,
    907.7488142866464,
    907.7488142866464,
    907.7488142866464,
    907.7488142866464,
    907.7488142866464,
    907.7488142866464,
    907.7488142866464,
    907.7488142866464,
    907.7488142866464,
    907.7488142866464,
    907.7488142866464,
    907.7488142866464,
    907.7488142866464,
    907.7488142866464,
    907.7488142866464,
    907.7488142866464,
    907.7488142866464,
    907.7488142866464,
    907.7488142866464,
    907.7488142866464,
    907.7488142866464,
    907.7488142866464,
    907.7488142866464,
    907.7488142866464,
    907.7488142866464,
    907.7488142866464,
    907.7488142866464,
    907.7488142866464,
    907.7488142866464,
    907.7488142866464,
    907.7488142866464,
    907.7488142866464,
    907.7488142866464,
    907.7488142866464,
    907.7488142866464,
    907.7488142866464,
    907.7488142866464,
    907.7488142866464,
    907.7488142866464,
    907.7488142866464,
    907.7488142866464,
    907.7488142866464,
    907.7488142866464,
    907.7488142866464,
    907.7488142866464,
    907.7488142866464,
    907.7488142866464,
    907.7488142866464,
    907.7488142866464,
    907.7488142866464,
    907.7488142866464,
    907.7488142866464,
    907.7488142866464,
    907.7488142866464,
    907.7488142866464,
    907.7488142866464,
    907.7488142866464,
    907.7488142866464,
    907.7488142866464,
    907.7488142866464,
    907.7488142866464,
    907.7488142866464,
    907.7488142866464,
    907.7488142866464,
    907.7488142866464,
    907.7488142866464,
    907.7488142866464,
    907.7488142866464,
    907.7488142866464,
    907.7488142866464,
    907.7488142866464,
    907.7488142866464,
    907.7488142866464,
    907.7488142866464,
    907.7488142866464,
    907.7488142866464,
    907.7488142866464,
    907.7488142866464,
    907.7488142866464
  ],
  "avg_beta": [
    4.152916809736566,
    3.653071205232125,
    4.345693114789966,
    4.163780703939257,
    3.655868335323138,
    3.622035501117344,
    4.208141372731558,
    47.693688930346966,
    48.79505262944878,
    46.42400098727608,
    45.96023254964711,
    47.14263157761654,
    48.07094842399044,
    46.81639072640054,
    46.81432886123681,
    46.823492877297596,
    49.18260798383776,
    47.69924008551305,
    47.96696709672989,
    48.335001258234406,
    47.380895183629335,
    47.74229568150933,
    46.987412481609596,
    47.535686573075076,
    47.35634572666391,
    46.42329973754944,
    46.652295286239394,
    47.60910990243302,
    47.49850583563327,
    47.87296613917604,
    47.843314324991226,
    47.58220814820887,
    48.38412993016293,
    47.788387254105956,
    47.751254116212394,
    47.76087641793823,
    47.24608349213416,
    48.09404413525764,
    45.25549124151988,
    45.2113874479913,
    45.13574033530433,
    46.60182188384235,
    45.610069860475264,
    45.37020085693748,
    44.85825909106829,
    45.74278153364186,
    46.31146676197566,
    47.69725997513638,
    45.6026744682972,
    46.2215498061107,
    46.46198716554416,
    45.81616667339206,
    36.08376492840317,
    48.04129668303432,
    48.53863181687272,
    48.977880869723315,
    49.41167517330322,
    47.655519398066865,
    48.691319825957535,
    48.40473549178046,
    47.957183375651994,
    47.30662656679679,
    47.12345828562408,
    47.895171766817384,
    43.677829927809974,
    43.650554694919556,
    46.78499899408007,
    47.405890489732954,
    47.97235284209447,
    46.96991013447299,
    47.3360249272204,
    46.18896068724934,
    48.06668223332984,
    47.53654920975016,
    47.53401284359201,
    46.69718678381718,
    45.397376646876396,
    47.569549110215696,
    47.86286697711575,
    49.935173091072784,
    48.46121891898879,
    47.92893235421225,
    48.197704062464766,
    46.72201171481895,
    48.18668782572063,
    46.70407528771521,
    48.08752558545098,
    48.30702405448829,
    48.81534114611677,
    48.27581157843728,
    48.79438521761753,
    47.89105849343109,
    47.81138513034203,
    47.54499851615538,
    48.78789481749332,
    49.185499865795194,
    48.13256112168266,
    45.08575896809161,
    44.689060582383505,
    47.84873802999162,
    47.016337772568846
  ],