{
  "generation": [
    0,
    1,
    2,
    3,
    4,
    5,
    6,
    7,
    8,
    9,
    10,
    11,
    12,
    13,
    14,
    15,
    16,
    17,
    18,
    19,
    20,
    21,
    22,
    23,
    24,
    25,
    26,
    27,
    28,
    29,
    30,
    31,
    32,
    33,
    34,
    35,
    36,
    37,
    38,
    39,
    40,
    41,
    42,
    43,
    44,
    45,
    46,
    47,
    48,
    49,
    50,
    51,
    52,
    53,
    54,
    55,
    56,
    57,
    58,
    59,
    60,
    61,
    62,
    63,
    64,
    65,
    66,
    67,
    68,
    69,
    70,
    71,
    72,
    73,
    74,
    75,
    76,
    77,
    78,
    79,
    80,
    81,
    82,
    83,
    84,
    85,
    86,
    87,
    88,
    89,
    90,
    91,
    92,
    93,
    94,
    95,
    96,
    97,
    98,
    99,
    100
  ],
  "hypervolume": [
    45359811993.19115,
    45359811993.19115,
    45359811993.19115,
    45359811993.19115,
    45359811993.19115,
    45359811993.19115,
    45359811993.19115,
    45359811993.19115,
    45359811993.19115,
    45359811993.19115,
    45359811993.19115,
    45359811993.19115,
    45359811993.19115,
    45359811993.19115,
    45359811993.19115,
    45359811993.19115,
    45359811993.19115,
    45359811993.19115,
    45359811993.19115,
    45359811993.19115,
    45359811993.19115,
    45359811993.19115,
    45359811993.19115,
    45359811993.19115,
    45359811993.19115,
    45359811993.19115,
    45359811993.19115,
    45359811993.19115,
    45359811993.19115,
    45359811993.19115,
    45359811993.19115,
    45359811993.19115,
    45359811993.19115,
    45359811993.19115,
    45359811993.19115,
    45359811993.19115,
    45359811993.19115,
    45359811993.19115,
    45359811993.19115,
    45359811993.19115,
    45359811993.19115,
    45359811993.19115,
    45359811993.19115,
    45359811993.19115,
    45359811993.19115,
    45359811993.19115,
    45359811993.19115,
    45359811993.19115,
    45359811993.19115,
    45359811993.19115,
    45359811993.19115,
    45359811993.19115,
    45359811993.19115,
    45359811993.19115,
    45359811993.19115,
    45359811993.19115,
    45359811993.19115,
    45359811993.19115,
    45359811993.19115,
    45359811993.19115,
    45359811993.19115,
    45359811993.19115,
    45359811993.19115,
    45359811993.19115,
    45359811993.19115,
    45359811993.19115,
    45359811993.19115,
    45359811993.19115,
    45359811993.19115,
    45359811993.19115,
    45359811993.19115,
    45359811993.19115,
    45359811993.19115,
    45359811993.19115,
    45359811993.19115,
    45359811993.19115,
    45359811993.19115,
    45359811993.19115,
    45359811993.19115,
    45359811993.19115,
    45359811993.19115,
    45359811993.19115,
    45359811993.19115,
    45359811993.19115,
    45359811993.19115,
    45359811993.19115,
    45359811993.19115,
    45359811993.19115,
    45359811993.19115,
    45359811993.19115,
    45359811993.19115,
    45359811993.19115,
    45359811993.19115,
    45359811993.19115,
    45359811993.19115,
    45359811993.19115,
    45359811993.19115,
    45359811993.19115,
    45359811993.19115,
    45359811993.19115,
    45359811993.19115
  ],
  "max_beta": [
    50.11661419400653,
    50.11661419400653,
    50.11661419400653,
    54.93530686560877,
    54.93530686560877,
    55.295359120583875,
    174.84771763367496,
    174.84771763367496,
    174.84771763367496,
    174.84771763367496,
    195.48190075581928,
    195.48190075581928,
    195.48190075581928,
    195.48190075581928,
    195.48190075581928,
    195.48190075581928,
    195.48190075581928,
    195.48190075581928,
    195.48190075581928,
    195.48190075581928,
    195.48190075581928,
    195.48190075581928,
    195.48190075581928,
    195.48190075581928,
    195.48190075581928,
    195.48190075581928,
    195.48190075581928,
    195.48190075581928,
    195.48190075581928,
    195.48190075581928,
    195.48190075581928,
    195.48190075581928,
    195.48190075581928,
    195.48190075581928,
    195.48190075581928,
    195.48190075581928,
    195.48190075581928,
    195.48190075581928,
    195.48190075581928,
    195.48190075581928,
    195.48190075581928,
    195.48190075581928,
    195.48190075581928,
    195.48190075581928,
    195.48190075581928,
    195.48190075581928,
    195.48190075581928,
    195.48190075581928,
    195.48190075581928,
    195.48190075581928,
    195.48190075581928,
    195.48190075581928,
    195.48190075581928,
    195.48190075581928,
    195.48190075581928,
    195.48190075581928,
    195.48190075581928,
    195.48190075581928,
    195.48190075581928,
    378.4125825085491,
    378.4125825085491,
    378.4125825085491,
    378.4125825085491,
    378.4125825085491,
    378.4125825085491,
    378.4125825085491,
    378.4125825085491,
    378.4125825085491,
    378.4125825085491,
    378.4125825085491,
    378.4125825085491,
    378.4125825085491,
    378.4125825085491,
    378.4125825085491,
    378.4125825085491,
    378.4125825085491,
    378.4125825085491,
    378.4125825085491,
    378.4125825085491,
    378.4125825085491,
    378.4125825085491,
    378.4125825085491,
    378.4125825085491,
    378.4125825085491,
    378.4125825085491,
    378.4125825085491,
    378.4125825085491,
    378.4125825085491,
    378.4125825085491,
    378.4125825085491,
    378.4125825085491,
    378.4125825085491,
    378.4125825085491,
    378.4125825085491,
    378.4125825085491,
    378.4125825085491,
    378.4125825085491,
    378.4125825085491,
    378.4125825085491,
    378.4125825085491,
    378.4125825085491
  ],
  "avg_beta": [
    6.409271387967779,
    4.750530984580214,
    4.42540979263368,
    7.703193376773697,
    7.75665081008614,
    5.69980638378342,
    11.49521717664339,
    11.11459041566239,
    7.887190854487019,
    12.011314233123422,
    13.596103207732162,
    14.60277776390835,
    13.6312189769783,
    12.647653293083277,
    11.972608635615556,
    13.161609702606256,
    13.91924793813215,
    13.497175993501916,
    12.62983195546656,
    12.085231503694748,
    12.872126031160892,
    10.826846539957574,
    13.237131389157653,
    15.271968121530307,
    13.360609453491127,
    12.230868433340834,
    13.03416365238659,
    12.783307128660674,
    13.282936885468768,
    2.1641720623982676,
    2.6294749481731836,
    3.50265212553591,
    2.1935526382256287,
    3.5513874098982363,
    2.4338677760516694,
    2.2739022771047734,
    4.510861988685005,
    2.3146732495055224,
    1.5719131126644466,
    3.044694806073413,
    1.699648971773481,
    2.190450266963734,
    2.3549753282933574,
    1.1549530954583915,
    13.322939606765638,
    13.856368563899258,
    12.769702747374351,
    12.450813790638357,
    14.996860838668614,
    15.149068649391328,
    14.528133808738904,
    14.558580214690664,
    13.844111198268829,
    17.54083437071268,
    13.94149685630432,
    15.66175041860146,
    16.006938269553864,
    14.85660366829446,
    15.294217471413841,
    25.82746517742131,
    23.729099089503773,
    25.400081301258695,
    25.862809188712696,
    24.620081594215215,
    25.71806568735364,
    17.83964217446734,
    24.168347282057717,
    24.278112324660178,
    24.66646878895663,
    22.083407024371347,
    19.241315246460964,
    19.017201822234334,
    19.152092770583913,
    18.620686377539407,
    25.729837098815587,
    26.392968000527304,
    20.497503414169817,
    18.01184371949018,
    21.078880972348692,
    21.27040215782049,
    20.895330849921727,
    21.524695886957108,
    22.120208758370826,
    20.8661317204192,
    23.036212772440656,
    21.917765325229176,
    19.601437282425152,
    17.231224916758865,
    21.337606038787847,
    20.854424019654786,
    20.141266602283444,
    20.40042430093782,
    20.15526479689691,
    17.4980658585502,
    21.664935486321493,
    21.80713624731285,
    20.689981348176264,
    19.980983943878567,
    20.36475310084974,
    20.003499418637425,
    24.525872969507027
  ],