{
  "generations": [
    0,
    1,
    2,
    3,
    4,
    5,
    6,
    7,
    8,
    9,
    10,
    11,
    12,
    13,
    14,
    15,
    16,
    17,
    18,
    19,
    20,
    21,
    22,
    23,
    24,
    25,
    26,
    27,
    28,
    29,
    30,
    31,
    32,
    33,
    34,
    35,
    36,
    37,
    38,
    39,
    40,
    41,
    42,
    43,
    44,
    45,
    46,
    47,
    48,
    49,
    50,
    51,
    52,
    53,
    54,
    55,
    56,
    57,
    58,
    59,
    60,
    61,
    62,
    63,
    64,
    65,
    66,
    67,
    68,
    69,
    70,
    71,
    72,
    73,
    74,
    75,
    76,
    77,
    78,
    79,
    80,
    81,
    82,
    83,
    84,
    85,
    86,
    87,
    88,
    89,
    90,
    91,
    92,
    93,
    94,
    95,
    96,
    97,
    98,
    99,
    100
  ],
  "best_fitness": [
    196.34102008664829,
    196.34102008664829,
    196.34102008664829,
    196.34102008664829,
    196.34102008664829,
    196.34102008664829,
    196.34102008664829,
    196.34102008664829,
    196.34102008664829,
    196.34102008664829,
    196.34102008664829,
    196.34102008664829,
    196.34102008664829,
    196.34102008664829,
    196.34102008664829,
    196.34102008664829,
    196.34102008664829,
    196.34102008664829,
    196.34102008664829,
    196.34102008664829,
    196.34102008664829,
    196.34102008664829,
    196.34102008664829,
    196.34102008664829,
    196.34102008664829,
    196.34102008664829,
    196.34102008664829,
    196.34102008664829,
    2583.5945745076183,
    2583.5945745076183,
    2583.5945745076183,
    2583.5945745076183,
    2583.5945745076183,
    2583.5945745076183,
    2583.5945745076183,
    2583.5945745076183,
    2583.5945745076183,
    2583.5945745076183,
    2583.5945745076183,
    2583.5945745076183,
    2583.5945745076183,
    2583.5945745076183,
    2583.5945745076183,
    2583.5945745076183,
    2583.5945745076183,
    2583.5945745076183,
    2583.5945745076183,
    2583.5945745076183,
    2583.5945745076183,
    2583.5945745076183,
    2583.5945745076183,
    2583.5945745076183,
    2583.5945745076183,
    2583.5945745076183,
    2583.5945745076183,
    2583.5945745076183,
    2583.5945745076183,
    2583.5945745076183,
    2583.5945745076183,
    2583.5945745076183,
    2583.5945745076183,
    2583.5945745076183,
    2583.5945745076183,
    2583.5945745076183,
    2583.5945745076183,
    2583.5945745076183,
    2583.5945745076183,
    2583.5945745076183,
    2583.5945745076183,
    2583.5945745076183,
    2583.5945745076183,
    2583.5945745076183,
    2583.5945745076183,
    2583.5945745076183,
    2583.5945745076183,
    2583.5945745076183,
    2583.5945745076183,
    2583.5945745076183,
    2583.5945745076183,
    2583.5945745076183,
    2583.5945745076183,
    2583.5945745076183,
    2583.5945745076183,
    2583.5945745076183,
    2583.5945745076183,
    2583.5945745076183,
    2583.5945745076183,
    2583.5945745076183,
    2583.5945745076183,
    2583.5945745076183,
    2583.5945745076183,
    2583.5945745076183,
    2583.5945745076183,
    2583.5945745076183,
    2583.5945745076183,
    2583.5945745076183,
    2583.5945745076183,
    2583.5945745076183,
    2583.5945745076183,
    2583.5945745076183,
    2583.5945745076183
  ],
  "mean_fitness": [
    -99999983.89078276,
    17.753228968972195,
    18.403214684553085,
    18.49978706699224,
    18.888369589401933,
    18.97177441455829,
    19.780853694556804,
    24.22120645448589,
    27.786485246174284,
    28.814679764825996,
    28.823296552868207,
    29.069691940429305,
    29.233404010412443,
    29.233404010412443,
    29.445595147501916,
    29.600099989593133,
    29.831169431209553,
    29.9466723380228,
    31.071659997667705,
    40.20099534976905,
    42.16743832268936,
    42.16743832268936,
    42.185820050994565,
    42.185820050994565,
    42.185820050994565,
    42.185820050994565,
    42.185820050994565,
    42.185820050994565,
    170.94927756907117,
    170.94927756907117,
    170.94927756907117,
    171.02203165589083,
    171.05843182075097,
    171.05843182075097,
    171.05843182075097,
    171.86170395397616,
    173.53758013714284,
    173.53758013714284,
    174.12119860356157,
    174.3630943064765,
    174.37861560444657,
    174.37861560444657,
    174.51232266408476,
    174.84785796684386,
    174.84785796684386,
    174.84785796684386,
    174.9984825634364,
    174.9984825634364,
    174.9984825634364,
    175.98062146750593,
    175.98062146750593,
    175.98062146750593,
    179.6008990071743,
    179.6008990071743,
    179.6008990071743,
    179.6008990071743,
    179.6008990071743,
    179.6008990071743,
    179.6008990071743,
    179.6008990071743,
    179.6008990071743,
    179.6008990071743,
    179.6008990071743,
    179.6008990071743,
    179.6008990071743,
    179.6008990071743,
    179.6008990071743,
    179.6008990071743,
    180.63148586593113,
    181.33221825248273,
    181.33221825248273,
    182.63644308640465,
    182.76611511192527,
    182.76611511192527,
    182.76611511192527,
    182.76611511192527,
    182.76611511192527,
    182.76611511192527,
    182.76611511192527,
    182.76611511192527,
    182.76611511192527,
    183.48892113430233,
    183.48892113430233,
    186.4389916628317,
    186.4389916628317,
    186.4389916628317,
    186.4389916628317,
    186.44610573422148,
    186.44610573422148,
    186.85333622017092,
    186.85333622017092,
    186.85333622017092,
    186.85333622017092,
    186.85333622017092,
    196.06654977385068,
    196.06654977385068,
    196.12647006314552,
    204.35353842550836,
    204.35353842550836,
    204.35353842550836,
    204.35353842550836
  ],