{
  "generation": [
    0,
    1,
    2,
    3,
    4,
    5,
    6,
    7,
    8,
    9,
    10,
    11,
    12,
    13,
    14,
    15,
    16,
    17,
    18,
    19,
    20,
    21,
    22,
    23,
    24,
    25,
    26,
    27,
    28,
    29,
    30,
    31,
    32,
    33,
    34,
    35,
    36,
    37,
    38,
    39,
    40,
    41,
    42,
    43,
    44,
    45,
    46,
    47,
    48,
    49,
    50,
    51,
    52,
    53,
    54,
    55,
    56,
    57,
    58,
    59,
    60,
    61,
    62,
    63,
    64,
    65,
    66,
    67,
    68,
    69,
    70,
    71,
    72,
    73,
    74,
    75,
    76,
    77,
    78,
    79,
    80,
    81,
    82,
    83,
    84,
    85,
    86,
    87,
    88,
    89,
    90,
    91,
    92,
    93,
    94,
    95,
    96,
    97,
    98,
    99,
    100
  ],
  "hypervolume": [
    8941860890.40897,
    8941860890.40897,
    8941860890.40897,
    8941860890.40897,
    8941860890.40897,
    8941860890.40897,
    8941860890.40897,
    8941860890.40897,
    8941860890.40897,
    8941860890.40897,
    8941860890.40897,
    8941860890.40897,
    8941860890.40897,
    8941860890.40897,
    8941860890.40897,
    8941860890.40897,
    8941860890.40897,
    8941860890.40897,
    8941860890.40897,
    8941860890.40897,
    8941860890.40897,
    8941860890.40897,
    8941860890.40897,
    8941860890.40897,
    8941860890.40897,
    8941860890.40897,
    8941860890.40897,
    8941860890.40897,
    8941860890.40897,
    8941860890.40897,
    8941860890.40897,
    8941860890.40897,
    8941860890.40897,
    8941860890.40897,
    8941860890.40897,
    8941860890.40897,
    8941860890.40897,
    8941860890.40897,
    8941860890.40897,
    8941860890.40897,
    8941860890.40897,
    8941860890.40897,
    8941860890.40897,
    8941860890.40897,
    8941860890.40897,
    8941860890.40897,
    8941860890.40897,
    8941860890.40897,
    8941860890.40897,
    8941860890.40897,
    8941860890.40897,
    8941860890.40897,
    8941860890.40897,
    8941860890.40897,
    8941860890.40897,
    8941860890.40897,
    8941860890.40897,
    8941860890.40897,
    8941860890.40897,
    8941860890.40897,
    8941860890.40897,
    8941860890.40897,
    8941860890.40897,
    8941860890.40897,
    8941860890.40897,
    8941860890.40897,
    8941860890.40897,
    8941860890.40897,
    8941860890.40897,
    8941860890.40897,
    8941860890.40897,
    8941860890.40897,
    8941860890.40897,
    8941860890.40897,
    8941860890.40897,
    8941860890.40897,
    8941860890.40897,
    8941860890.40897,
    8941860890.40897,
    8941860890.40897,
    8941860890.40897,
    8941860890.40897,
    8941860890.40897,
    8941860890.40897,
    8941860890.40897,
    8941860890.40897,
    8941860890.40897,
    8941860890.40897,
    8941860890.40897,
    8941860890.40897,
    8941860890.40897,
    8941860890.40897,
    8941860890.40897,
    8941860890.40897,
    8941860890.40897,
    8941860890.40897,
    8941860890.40897,
    8941860890.40897,
    8941860890.40897,
    8941860890.40897,
    8941860890.40897
  ],
  "max_beta": [
    9.38353863732302,
    9.38353863732302,
    9.38353863732302,
    9.38353863732302,
    9.38353863732302,
    9.38353863732302,
    12.714816876047896,
    21.923046394856964,
    21.923046394856964,
    21.923046394856964,
    21.923046394856964,
    21.923046394856964,
    21.923046394856964,
    21.923046394856964,
    21.923046394856964,
    21.923046394856964,
    22.540403596923426,
    22.540403596923426,
    22.540403596923426,
    22.540403596923426,
    22.540403596923426,
    22.540403596923426,
    22.540403596923426,
    22.540403596923426,
    22.540403596923426,
    24.762466591709835,
    40.8376498554008,
    40.8376498554008,
    52.4380649526241,
    52.4380649526241,
    52.4380649526241,
    52.4380649526241,
    52.4380649526241,
    52.4380649526241,
    52.4380649526241,
    169.2938063686361,
    169.2938063686361,
    169.2938063686361,
    169.2938063686361,
    169.2938063686361,
    169.2938063686361,
    169.2938063686361,
    169.2938063686361,
    169.2938063686361,
    169.2938063686361,
    169.2938063686361,
    169.2938063686361,
    169.2938063686361,
    169.2938063686361,
    169.2938063686361,
    169.2938063686361,
    169.2938063686361,
    169.2938063686361,
    169.2938063686361,
    169.2938063686361,
    169.2938063686361,
    169.2938063686361,
    169.2938063686361,
    169.2938063686361,
    169.2938063686361,
    169.2938063686361,
    169.2938063686361,
    169.2938063686361,
    169.2938063686361,
    169.2938063686361,
    169.2938063686361,
    169.2938063686361,
    169.2938063686361,
    169.2938063686361,
    169.2938063686361,
    169.2938063686361,
    169.2938063686361,
    169.2938063686361,
    169.2938063686361,
    169.2938063686361,
    169.2938063686361,
    169.2938063686361,
    169.2938063686361,
    1090.5247920728086,
    1090.5247920728086,
    1090.5247920728086,
    1090.5247920728086,
    1090.5247920728086,
    1090.5247920728086,
    1090.5247920728086,
    1090.5247920728086,
    1090.5247920728086,
    1090.5247920728086,
    1090.5247920728086,
    1090.5247920728086,
    1090.5247920728086,
    1090.5247920728086,
    1090.5247920728086,
    1090.5247920728086,
    1090.5247920728086,
    1090.5247920728086,
    1090.5247920728086,
    1090.5247920728086,
    1090.5247920728086,
    1090.5247920728086,
    1090.5247920728086
  ],
  "avg_beta": [
    3.8296023882384547,
    3.7325695566838784,
    2.6860636454614637,
    3.428501441469468,
    3.4789140674191943,
    3.463378536730358,
    -8.56331272535307,
    -5.848384685018814,
    -5.288853097904836,
    -5.92254659799041,
    -5.973232431936086,
    -6.344153973872818,
    -5.507691201191647,
    -6.82817790406708,
    3.416639535346026,
    3.91681709924951,
    5.590895230495634,
    2.8422915504405006,
    2.1315734943180566,
    2.944898408527072,
    -4.8152276991048835,
    -3.5392835808985668,
    -2.172082251890676,
    -4.333760611882017,
    -3.8557720377557856,
    -2.487458260679476,
    -2.1791069519646316,
    -2.7091766121396956,
    -0.5441285614136863,
    -1.9708182982345768,
    -1.9703362666852264,
    0.747071827344009,
    -0.1481809638164911,
    -2.7317056874833012,
    -0.36645439587177936,
    7.142184036136113,
    4.971336938281542,
    5.147039939621127,
    4.221828394599137,
    6.463583703031119,
    5.277712020554323,
    6.771414202612211,
    8.99195168125855,
    11.927786498290772,
    6.642273991033133,
    15.637590072558883,
    14.922558870819504,
    14.578104137419157,
    13.38991849534247,
    15.115898474395674,
    14.109673862830622,
    14.68599435184468,
    13.172174470750871,
    11.995979931437171,
    12.88678646393764,
    13.18129761686762,
    15.601839198870454,
    14.543966190231638,
    15.356922205873834,
    15.21726448228807,
    13.778447178595721,
    14.50862868462421,
    15.054367933378675,
    15.044944073253816,
    14.771325798721529,
    15.061503489001293,
    16.50004720467422,
    15.236712533887182,
    14.262716986055143,
    16.546309493667774,
    14.912230373001265,
    15.608578013103463,
    14.504061295020955,
    14.438501800101713,
    14.12202654526718,
    13.364572985622925,
    13.522934647100982,
    14.819850090004241,
    68.85598340602846,
    69.52642444241624,
    61.045220131716654,
    61.21818670147788,
    61.81757103947731,
    60.271701054873446,
    59.429495587631074,
    60.182204600243004,
    59.05561206076048,
    60.14926611420534,
    59.6117747591295,
    59.75014105749558,
    58.97398508656731,
    60.071209900689624,
    58.89624634541673,
    60.20304392877715,
    61.51400381729125,
    59.66351067449072,
    60.53894791698055,
    60.87652749493375,
    61.241648548513524,
    61.04698665437686,
    60.7381496521518
  ],