{
  "generation": [
    0,
    1,
    2,
    3,
    4,
    5,
    6,
    7,
    8,
    9,
    10,
    11,
    12,
    13,
    14,
    15,
    16,
    17,
    18,
    19,
    20,
    21,
    22,
    23,
    24,
    25,
    26,
    27,
    28,
    29,
    30,
    31,
    32,
    33,
    34,
    35,
    36,
    37,
    38,
    39,
    40,
    41,
    42,
    43,
    44,
    45,
    46,
    47,
    48,
    49,
    50,
    51,
    52,
    53,
    54,
    55,
    56,
    57,
    58,
    59,
    60,
    61,
    62,
    63,
    64,
    65,
    66,
    67,
    68,
    69,
    70,
    71,
    72,
    73,
    74,
    75,
    76,
    77,
    78,
    79,
    80,
    81,
    82,
    83,
    84,
    85,
    86,
    87,
    88,
    89,
    90,
    91,
    92,
    93,
    94,
    95,
    96,
    97,
    98,
    99,
    100
  ],
  "hypervolume": [
    7642873246.846083,
    7642873246.846083,
    7642873246.846083,
    7642873246.846083,
    7642873246.846083,
    7642873246.846083,
    7642873246.846083,
    7642873246.846083,
    7642873246.846083,
    7642873246.846083,
    7642873246.846083,
    7642873246.846083,
    7642873246.846083,
    7642873246.846083,
    7642873246.846083,
    7642873246.846083,
    7642873246.846083,
    7642873246.846083,
    7642873246.846083,
    7642873246.846083,
    7642873246.846083,
    7642873246.846083,
    7642873246.846083,
    7642873246.846083,
    7642873246.846083,
    7642873246.846083,
    7642873246.846083,
    7642873246.846083,
    7642873246.846083,
    7642873246.846083,
    7642873246.846083,
    7642873246.846083,
    7642873246.846083,
    7642873246.846083,
    7642873246.846083,
    7642873246.846083,
    7642873246.846083,
    7642873246.846083,
    7642873246.846083,
    7642873246.846083,
    7642873246.846083,
    7642873246.846083,
    7642873246.846083,
    7642873246.846083,
    7642873246.846083,
    7642873246.846083,
    7642873246.846083,
    7642873246.846083,
    7642873246.846083,
    7642873246.846083,
    7642873246.846083,
    7642873246.846083,
    7642873246.846083,
    7642873246.846083,
    7642873246.846083,
    7642873246.846083,
    7642873246.846083,
    7642873246.846083,
    7642873246.846083,
    7642873246.846083,
    7642873246.846083,
    7642873246.846083,
    7642873246.846083,
    7642873246.846083,
    7642873246.846083,
    7642873246.846083,
    7642873246.846083,
    7642873246.846083,
    7642873246.846083,
    7642873246.846083,
    7642873246.846083,
    7642873246.846083,
    7642873246.846083,
    7642873246.846083,
    7642873246.846083,
    7642873246.846083,
    7642873246.846083,
    7642873246.846083,
    7642873246.846083,
    7642873246.846083,
    7642873246.846083,
    7642873246.846083,
    7642873246.846083,
    7642873246.846083,
    7642873246.846083,
    7642873246.846083,
    7642873246.846083,
    7642873246.846083,
    7642873246.846083,
    7642873246.846083,
    7642873246.846083,
    7642873246.846083,
    7642873246.846083,
    7642873246.846083,
    7642873246.846083,
    7642873246.846083,
    7642873246.846083,
    7642873246.846083,
    7642873246.846083,
    7642873246.846083,
    7642873246.846083
  ],
  "max_beta": [
    7.864262922736425,
    11.258401864343774,
    11.258401864343774,
    17.494897227707277,
    17.494897227707277,
    17.494897227707277,
    17.494897227707277,
    17.494897227707277,
    17.494897227707277,
    17.494897227707277,
    39.28995569922782,
    39.28995569922782,
    39.28995569922782,
    39.28995569922782,
    39.28995569922782,
    39.28995569922782,
    39.28995569922782,
    39.28995569922782,
    39.28995569922782,
    39.28995569922782,
    39.28995569922782,
    42.945520941462355,
    42.945520941462355,
    42.945520941462355,
    42.945520941462355,
    42.945520941462355,
    42.945520941462355,
    42.945520941462355,
    42.945520941462355,
    42.945520941462355,
    42.945520941462355,
    42.945520941462355,
    42.945520941462355,
    42.945520941462355,
    42.945520941462355,
    42.945520941462355,
    42.945520941462355,
    42.945520941462355,
    42.945520941462355,
    42.945520941462355,
    42.945520941462355,
    42.945520941462355,
    42.945520941462355,
    42.945520941462355,
    42.945520941462355,
    42.945520941462355,
    42.945520941462355,
    42.945520941462355,
    42.945520941462355,
    42.945520941462355,
    42.945520941462355,
    42.945520941462355,
    131.98690762306964,
    131.98690762306964,
    131.98690762306964,
    131.98690762306964,
    131.98690762306964,
    131.98690762306964,
    131.98690762306964,
    131.98690762306964,
    131.98690762306964,
    131.98690762306964,
    131.98690762306964,
    131.98690762306964,
    131.98690762306964,
    131.98690762306964,
    131.98690762306964,
    131.98690762306964,
    131.98690762306964,
    131.98690762306964,
    131.98690762306964,
    131.98690762306964,
    131.98690762306964,
    131.98690762306964,
    131.98690762306964,
    131.98690762306964,
    131.98690762306964,
    131.98690762306964,
    131.98690762306964,
    131.98690762306964,
    131.98690762306964,
    131.98690762306964,
    131.98690762306964,
    131.98690762306964,
    131.98690762306964,
    131.98690762306964,
    131.98690762306964,
    131.98690762306964,
    131.98690762306964,
    131.98690762306964,
    131.98690762306964,
    131.98690762306964,
    131.98690762306964,
    131.98690762306964,
    131.98690762306964,
    131.98690762306964,
    131.98690762306964,
    131.98690762306964,
    131.98690762306964,
    131.98690762306964,
    131.98690762306964
  ],
  "avg_beta": [
    -22.032162841236424,
    4.0882914083998845,
    4.000806116562829,
    3.3670042988306745,
    3.5057674419677496,
    3.0918584336493713,
    2.8764983034420086,
    3.2372922479565553,
    3.0526062621443084,
    2.992005434258176,
    5.15300180302341,
    4.781917222056133,
    5.402798335183325,
    4.70041695394101,
    4.234231087140065,
    4.657886548621102,
    4.611889060960415,
    3.0931599618651844,
    4.132512265030986,
    4.088149144072496,
    3.051890349895003,
    5.729823127421911,
    2.118630834290622,
    3.182997892336968,
    2.948944394533929,
    2.159442213372685,
    2.0015996662295605,
    2.403050103276816,
    7.002722400636432,
    7.338345900486397,
    7.428722685754153,
    6.899355437221883,
    4.95431648829014,
    4.821492554286763,
    5.019195894216598,
    5.168044922286109,
    5.198984603627733,
    4.551921173893384,
    4.544764629915759,
    4.576920093491229,
    4.728543900976352,
    4.119542678168907,
    5.7029980148414525,
    5.575873952549916,
    6.079505274238454,
    6.129531970974932,
    6.239181527927771,
    5.083335402687419,
    5.3039010793534,
    5.410241469319699,
    4.9064487308066145,
    3.7127561042048796,
    9.329158749365911,
    11.607227803667746,
    10.548419659745962,
    13.232222340276953,
    10.630783101097034,
    9.91238015413066,
    9.776445961072742,
    9.654222103386056,
    8.888656902359717,
    8.708276363213368,
    9.60355821979464,
    8.96694281057854,
    9.849114971911181,
    10.008225373029068,
    10.132862727640509,
    9.855210627099115,
    10.341157038832892,
    10.080942984875835,
    8.658825032245446,
    9.65160165715728,
    10.52132688888605,
    9.95577685161851,
    8.96344820482984,
    8.715429762030547,
    8.58387621229628,
    8.710926016819641,
    10.262501735601784,
    10.315018705411719,
    10.600386420294123,
    8.543105533459858,
    7.332002192210806,
    8.224578658825205,
    7.32257527456859,
    8.454122495517533,
    7.911633108472936,
    6.767417723738587,
    7.773124590498286,
    6.377434752314985,
    7.0093371278955745,
    6.166188858953584,
    5.1865490793330284,
    6.632117742066709,
    6.368712633690178,
    7.8538630563878815,
    6.890854504825694,
    6.09971307688049,
    7.54482868267556,
    6.312719789939115,
    7.77585833936372
  ],