{
  "generation": [
    0,
    1,
    2,
    3,
    4,
    5,
    6,
    7,
    8,
    9,
    10,
    11,
    12,
    13,
    14,
    15,
    16,
    17,
    18,
    19,
    20,
    21,
    22,
    23,
    24,
    25,
    26,
    27,
    28,
    29,
    30,
    31,
    32,
    33,
    34,
    35,
    36,
    37,
    38,
    39,
    40,
    41,
    42,
    43,
    44,
    45,
    46,
    47,
    48,
    49,
    50,
    51,
    52,
    53,
    54,
    55,
    56,
    57,
    58,
    59,
    60,
    61,
    62,
    63,
    64,
    65,
    66,
    67,
    68,
    69,
    70,
    71,
    72,
    73,
    74,
    75,
    76,
    77,
    78,
    79,
    80,
    81,
    82,
    83,
    84,
    85,
    86,
    87,
    88,
    89,
    90,
    91,
    92,
    93,
    94,
    95,
    96,
    97,
    98,
    99,
    100
  ],
  "hypervolume": [
    7059976122.5430565,
    7059976122.5430565,
    7059976122.5430565,
    7059976122.5430565,
    7059976122.5430565,
    7059976122.5430565,
    7059976122.5430565,
    7059976122.5430565,
    7059976122.5430565,
    7059976122.5430565,
    7059976122.5430565,
    7059976122.5430565,
    7059976122.5430565,
    7059976122.5430565,
    7059976122.5430565,
    7059976122.5430565,
    7059976122.5430565,
    7059976122.5430565,
    7059976122.5430565,
    7059976122.5430565,
    7059976122.5430565,
    7059976122.5430565,
    7059976122.5430565,
    7059976122.5430565,
    7059976122.5430565,
    7059976122.5430565,
    7059976122.5430565,
    7059976122.5430565,
    7059976122.5430565,
    7059976122.5430565,
    7059976122.5430565,
    7059976122.5430565,
    7059976122.5430565,
    7059976122.5430565,
    7059976122.5430565,
    7059976122.5430565,
    7059976122.5430565,
    7059976122.5430565,
    7059976122.5430565,
    7059976122.5430565,
    7059976122.5430565,
    7059976122.5430565,
    7059976122.5430565,
    7059976122.5430565,
    7059976122.5430565,
    7059976122.5430565,
    7059976122.5430565,
    7059976122.5430565,
    7059976122.5430565,
    7059976122.5430565,
    7059976122.5430565,
    7059976122.5430565,
    7059976122.5430565,
    7059976122.5430565,
    7059976122.5430565,
    7059976122.5430565,
    7059976122.5430565,
    7059976122.5430565,
    7059976122.5430565,
    7059976122.5430565,
    7059976122.5430565,
    7059976122.5430565,
    7059976122.5430565,
    7059976122.5430565,
    7059976122.5430565,
    7059976122.5430565,
    7059976122.5430565,
    7059976122.5430565,
    7059976122.5430565,
    7059976122.5430565,
    7059976122.5430565,
    7059976122.5430565,
    7059976122.5430565,
    7059976122.5430565,
    7059976122.5430565,
    7059976122.5430565,
    7059976122.5430565,
    7059976122.5430565,
    7059976122.5430565,
    7059976122.5430565,
    7059976122.5430565,
    7059976122.5430565,
    7059976122.5430565,
    7059976122.5430565,
    7059976122.5430565,
    7059976122.5430565,
    7059976122.5430565,
    7059976122.5430565,
    7059976122.5430565,
    7059976122.5430565,
    7059976122.5430565,
    7059976122.5430565,
    7059976122.5430565,
    7059976122.5430565,
    7059976122.5430565,
    7059976122.5430565,
    7059976122.5430565,
    7059976122.5430565,
    7059976122.5430565,
    7059976122.5430565,
    7059976122.5430565
  ],
  "max_beta": [
    7.337939165009147,
    10.263192398732915,
    10.263192398732915,
    23.472900962244545,
    23.472900962244545,
    23.472900962244545,
    24.851624770513638,
    24.851624770513638,
    24.851624770513638,
    24.851624770513638,
    24.851624770513638,
    24.851624770513638,
    24.851624770513638,
    24.851624770513638,
    24.851624770513638,
    24.851624770513638,
    24.851624770513638,
    34.112654054826514,
    34.112654054826514,
    34.112654054826514,
    34.112654054826514,
    34.112654054826514,
    34.112654054826514,
    34.112654054826514,
    34.112654054826514,
    34.112654054826514,
    34.112654054826514,
    38.25366801227298,
    38.25366801227298,
    38.25366801227298,
    38.25366801227298,
    38.25366801227298,
    323.57462237676936,
    323.57462237676936,
    323.57462237676936,
    323.57462237676936,
    323.57462237676936,
    323.57462237676936,
    323.57462237676936,
    323.57462237676936,
    323.57462237676936,
    323.57462237676936,
    323.57462237676936,
    323.57462237676936,
    323.57462237676936,
    323.57462237676936,
    323.57462237676936,
    323.57462237676936,
    323.57462237676936,
    323.57462237676936,
    323.57462237676936,
    323.57462237676936,
    323.57462237676936,
    323.57462237676936,
    323.57462237676936,
    323.57462237676936,
    323.57462237676936,
    323.57462237676936,
    323.57462237676936,
    323.57462237676936,
    323.57462237676936,
    323.57462237676936,
    323.57462237676936,
    323.57462237676936,
    323.57462237676936,
    323.57462237676936,
    456.6334470249061,
    456.6334470249061,
    456.6334470249061,
    456.6334470249061,
    456.6334470249061,
    456.6334470249061,
    456.6334470249061,
    456.6334470249061,
    456.6334470249061,
    456.6334470249061,
    456.6334470249061,
    456.6334470249061,
    456.6334470249061,
    456.6334470249061,
    456.6334470249061,
    456.6334470249061,
    456.6334470249061,
    456.6334470249061,
    456.6334470249061,
    456.6334470249061,
    456.6334470249061,
    456.6334470249061,
    456.6334470249061,
    456.6334470249061,
    456.6334470249061,
    456.6334470249061,
    456.6334470249061,
    456.6334470249061,
    456.6334470249061,
    456.6334470249061,
    456.6334470249061,
    456.6334470249061,
    456.6334470249061,
    456.6334470249061,
    456.6334470249061
  ],