{
  "generation": [
    0,
    1,
    2,
    3,
    4,
    5,
    6,
    7,
    8,
    9,
    10,
    11,
    12,
    13,
    14,
    15,
    16,
    17,
    18,
    19,
    20,
    21,
    22,
    23,
    24,
    25,
    26,
    27,
    28,
    29,
    30,
    31,
    32,
    33,
    34,
    35,
    36,
    37,
    38,
    39,
    40,
    41,
    42,
    43,
    44,
    45,
    46,
    47,
    48,
    49,
    50,
    51,
    52,
    53,
    54,
    55,
    56,
    57,
    58,
    59,
    60,
    61,
    62,
    63,
    64,
    65,
    66,
    67,
    68,
    69,
    70,
    71,
    72,
    73,
    74,
    75,
    76,
    77,
    78,
    79,
    80,
    81,
    82,
    83,
    84,
    85,
    86,
    87,
    88,
    89,
    90,
    91,
    92,
    93,
    94,
    95,
    96,
    97,
    98,
    99,
    100
  ],
  "hypervolume": [
    97435090825.95737,
    97435090825.95737,
    97435090825.95737,
    97435090825.95737,
    97435090825.95737,
    97435090825.95737,
    97435090825.95737,
    97435090825.95737,
    97435090825.95737,
    97435090825.95737,
    97435090825.95737,
    97435090825.95737,
    97435090825.95737,
    97435090825.95737,
    97435090825.95737,
    97435090825.95737,
    97435090825.95737,
    97435090825.95737,
    97435090825.95737,
    97435090825.95737,
    97435090825.95737,
    97435090825.95737,
    97435090825.95737,
    97435090825.95737,
    97435090825.95737,
    97435090825.95737,
    97435090825.95737,
    97435090825.95737,
    97435090825.95737,
    97435090825.95737,
    97435090825.95737,
    97435090825.95737,
    97435090825.95737,
    97435090825.95737,
    97435090825.95737,
    97435090825.95737,
    97435090825.95737,
    97435090825.95737,
    97435090825.95737,
    97435090825.95737,
    97435090825.95737,
    97435090825.95737,
    97435090825.95737,
    97435090825.95737,
    97435090825.95737,
    97435090825.95737,
    97435090825.95737,
    97435090825.95737,
    97435090825.95737,
    97435090825.95737,
    97435090825.95737,
    97435090825.95737,
    97435090825.95737,
    97435090825.95737,
    97435090825.95737,
    97435090825.95737,
    97435090825.95737,
    97435090825.95737,
    97435090825.95737,
    97435090825.95737,
    97435090825.95737,
    97435090825.95737,
    97435090825.95737,
    97435090825.95737,
    97435090825.95737,
    97435090825.95737,
    97435090825.95737,
    97435090825.95737,
    97435090825.95737,
    97435090825.95737,
    97435090825.95737,
    97435090825.95737,
    97435090825.95737,
    97435090825.95737,
    97435090825.95737,
    97435090825.95737,
    97435090825.95737,
    97435090825.95737,
    97435090825.95737,
    97435090825.95737,
    97435090825.95737,
    97435090825.95737,
    97435090825.95737,
    97435090825.95737,
    97435090825.95737,
    97435090825.95737,
    97435090825.95737,
    97435090825.95737,
    97435090825.95737,
    97435090825.95737,
    97435090825.95737,
    97435090825.95737,
    97435090825.95737,
    97435090825.95737,
    97435090825.95737,
    97435090825.95737,
    97435090825.95737,
    97435090825.95737,
    97435090825.95737,
    97435090825.95737,
    97435090825.95737
  ],
  "max_beta": [
    101.61341339522863,
    101.61341339522863,
    180.6244965565339,
    180.6244965565339,
    180.6244965565339,
    180.6244965565339,
    180.6244965565339,
    180.6244965565339,
    180.6244965565339,
    180.6244965565339,
    180.6244965565339,
    180.6244965565339,
    180.6244965565339,
    180.6244965565339,
    180.6244965565339,
    180.6244965565339,
    180.6244965565339,
    180.6244965565339,
    180.6244965565339,
    327.56101923265817,
    327.56101923265817,
    327.56101923265817,
    327.56101923265817,
    327.56101923265817,
    327.56101923265817,
    327.56101923265817,
    327.56101923265817,
    327.56101923265817,
    327.56101923265817,
    327.56101923265817,
    327.56101923265817,
    327.56101923265817,
    327.56101923265817,
    327.56101923265817,
    327.56101923265817,
    327.56101923265817,
    327.56101923265817,
    327.56101923265817,
    327.56101923265817,
    327.56101923265817,
    327.56101923265817,
    327.56101923265817,
    327.56101923265817,
    327.56101923265817,
    327.56101923265817,
    327.56101923265817,
    327.56101923265817,
    327.56101923265817,
    327.56101923265817,
    327.56101923265817,
    327.56101923265817,
    327.56101923265817,
    327.56101923265817,
    327.56101923265817,
    327.56101923265817,
    327.56101923265817,
    327.56101923265817,
    327.56101923265817,
    327.56101923265817,
    327.56101923265817,
    327.56101923265817,
    327.56101923265817,
    327.56101923265817,
    327.56101923265817,
    327.56101923265817,
    327.56101923265817,
    327.56101923265817,
    327.56101923265817,
    327.56101923265817,
    327.56101923265817,
    327.56101923265817,
    375.0677414937378,
    375.0677414937378,
    375.0677414937378,
    375.0677414937378,
    375.0677414937378,
    375.0677414937378,
    375.0677414937378,
    375.0677414937378,
    375.0677414937378,
    375.0677414937378,
    375.0677414937378,
    375.0677414937378,
    375.0677414937378,
    375.0677414937378,
    375.0677414937378,
    375.0677414937378,
    375.0677414937378,
    375.0677414937378,
    375.0677414937378,
    375.0677414937378,
    375.0677414937378,
    375.0677414937378,
    375.0677414937378,
    375.0677414937378,
    375.0677414937378,
    375.0677414937378,
    375.0677414937378,
    375.0677414937378,
    375.0677414937378,
    375.0677414937378
  ],
  "avg_beta": [
    7.279924520988159,
    0.24494954355050477,
    12.283537779068027,
    10.255110673694944,
    12.003028993148428,
    10.686467036745132,
    11.401718051682636,
    11.529472697262745,
    11.817386706772275,
    10.709012812923778,
    12.227693653973938,
    12.318163735316613,
    11.534874711857276,
    10.872783120712677,
    11.963777750197783,
    11.248733800765622,
    11.421109900512738,
    10.997162104316313,
    10.912270612066965,
    18.90749136619003,
    18.660207366774006,
    19.493264202344083,
    18.783504336195026,
    21.605813306854117,
    21.708134265241572,
    22.712751114594916,
    21.807141366437868,
    21.887713630180645,
    20.416039394771566,
    21.30628456275162,
    16.365341023562326,
    17.163045005334823,
    16.581429164700342,
    18.613003370298753,
    18.847147088134257,
    16.351224267487275,
    17.980511811849798,
    16.334745294508796,
    16.91386383209808,
    16.216093813521432,
    18.23206413751343,
    17.38347758828971,
    16.38750235724961,
    17.873100380233485,
    16.66627317822257,
    16.045925941334627,
    16.895431330797212,
    17.348729927482974,
    16.653594602813286,
    17.278295299699057,
    16.992074690148343,
    16.214927458549322,
    17.297646032162582,
    17.02643204213437,
    17.002251639933004,
    17.037196940922044,
    16.757693329668523,
    17.06020067544242,
    16.280444251886788,
    17.780052595352732,
    16.686881401122452,
    16.37567707639348,
    17.362684458584948,
    16.815471329966947,
    18.207610611640078,
    18.137059261145232,
    16.848205355371885,
    18.166034982763875,
    16.646888960211893,
    16.81472306596665,
    16.69498510536743,
    19.043737868964023,
    19.428650945273315,
    19.75506882235642,
    18.854748167656957,
    18.645819527895686,
    20.74745598636465,
    20.809489981024278,
    18.509498595750518,
    20.417690472107918,
    19.333737301469665,
    19.79561167138212,
    20.172829661155724,
    19.817271104711608,
    19.59801957184005,
    19.288874028897943,
    18.880135752713606,
    19.63358056075324,
    19.324960964849872,
    19.82630217685462,
    18.876257472058636,
    18.660989570556772,
    19.770242167322614,
    20.538653487308444,
    19.848314223386268,
    20.334708444368346,
    19.882143117977588,
    19.466401537650487,
    19.701586991537123,
    19.18387296611574,
    19.254236897319053
  ],