{
  "change_bond": 0.14285714285714288,
  "add_atom_inline": 0.14285714285714288,
  "add_branch": 0.14285714285714288,
  "delete_atom": 0.14285714285714288,
  "change_atom": 0.14285714285714288,
  "add_ring": 0.14285714285714288,
  "delete_ring": 0.14285714285714288
}