{
  "generations": [
    0,
    1,
    2,
    3,
    4,
    5,
    6,
    7,
    8,
    9,
    10,
    11,
    12,
    13,
    14,
    15,
    16,
    17,
    18,
    19,
    20,
    21,
    22,
    23,
    24,
    25,
    26,
    27,
    28,
    29,
    30,
    31,
    32,
    33,
    34,
    35,
    36,
    37,
    38,
    39,
    40,
    41,
    42,
    43,
    44,
    45,
    46,
    47,
    48,
    49,
    50,
    51,
    52,
    53,
    54,
    55,
    56,
    57,
    58,
    59,
    60,
    61,
    62,
    63,
    64,
    65,
    66,
    67,
    68,
    69,
    70,
    71,
    72,
    73,
    74,
    75,
    76,
    77,
    78,
    79,
    80,
    81,
    82,
    83,
    84,
    85,
    86,
    87,
    88,
    89,
    90,
    91,
    92,
    93,
    94,
    95,
    96,
    97,
    98,
    99,
    100
  ],
  "best_fitness": [
    15.346639534883721,
    15.346639534883721,
    15.346639534883721,
    15.346639534883721,
    15.346639534883721,
    15.346639534883721,
    19.970835866261396,
    26.73734203016714,
    8712.473166368514,
    8712.473166368514,
    8712.473166368514,
    39547.482744620385,
    39547.482744620385,
    39547.482744620385,
    39547.482744620385,
    39547.482744620385,
    39547.482744620385,
    39547.482744620385,
    39547.482744620385,
    39547.482744620385,
    39547.482744620385,
    39547.482744620385,
    39547.482744620385,
    39547.482744620385,
    39547.482744620385,
    39547.482744620385,
    39547.482744620385,
    39547.482744620385,
    39547.482744620385,
    39547.482744620385,
    39547.482744620385,
    39547.482744620385,
    39547.482744620385,
    39547.482744620385,
    39547.482744620385,
    39547.482744620385,
    39547.482744620385,
    39547.482744620385,
    39547.482744620385,
    39547.482744620385,
    39547.482744620385,
    39547.482744620385,
    39547.482744620385,
    39547.482744620385,
    39547.482744620385,
    39547.482744620385,
    39547.482744620385,
    39547.482744620385,
    39547.482744620385,
    39547.482744620385,
    39547.482744620385,
    39547.482744620385,
    39547.482744620385,
    39547.482744620385,
    39547.482744620385,
    39547.482744620385,
    39547.482744620385,
    39547.482744620385,
    39547.482744620385,
    39547.482744620385,
    39547.482744620385,
    39547.482744620385,
    39547.482744620385,
    39547.482744620385,
    39547.482744620385,
    39547.482744620385,
    39547.482744620385,
    39547.482744620385,
    39547.482744620385,
    39547.482744620385,
    39547.482744620385,
    39547.482744620385,
    39547.482744620385,
    39547.482744620385,
    39547.482744620385,
    39547.482744620385,
    39547.482744620385,
    39547.482744620385,
    39547.482744620385,
    39547.482744620385,
    39547.482744620385,
    39547.482744620385,
    39547.482744620385,
    39547.482744620385,
    39547.482744620385,
    39547.482744620385,
    39547.482744620385,
    39547.482744620385,
    39547.482744620385,
    39547.482744620385,
    39547.482744620385,
    39547.482744620385,
    39547.482744620385,
    39547.482744620385,
    39547.482744620385,
    39547.482744620385,
    39547.482744620385,
    39547.482744620385,
    39547.482744620385,
    39547.482744620385,
    39547.482744620385
  ],
  "mean_fitness": [
    -2.4221453239453417,
    5.930474660416019,
    6.673557827545127,
    7.415082662042856,
    7.942245686966217,
    8.247725697996803,
    9.732850920424418,
    10.895012863824473,
    446.5842325297823,
    447.8639310272529,
    448.5910955836024,
    2427.3406055906876,
    2428.9811127240673,
    2428.9811127240673,
    2429.0627238294446,
    2429.0627238294446,
    2434.162924629461,
    2434.9641478171598,
    2435.3347652545317,
    2436.1268190022256,
    2436.1268190022256,
    2437.3766718301176,
    2437.3766718301176,
    2437.6499505727456,
    2438.5237950941187,
    2438.5237950941187,
    2439.0960114960535,
    2439.0960114960535,
    2439.0960114960535,
    2439.177738819903,
    2439.177738819903,
    2439.177738819903,
    2439.177738819903,
    2439.177738819903,
    2439.177738819903,
    2439.177738819903,
    2442.2280842480627,
    2442.2280842480627,
    2442.2280842480627,
    2443.041936185609,
    2443.041936185609,
    2444.823788035233,
    2444.823788035233,
    2446.3122921197873,
    2446.3122921197873,
    2446.3122921197873,
    2446.3122921197873,
    2446.507571145368,
    2447.189187134618,
    2447.189187134618,
    2447.189187134618,
    2452.38809431583,
    2452.38809431583,
    2452.41041933491,
    2452.682477293688,
    2452.682477293688,
    2453.276403438491,
    2453.276403438491,
    2453.276403438491,
    2463.337992906686,
    2463.337992906686,
    2463.7199853162747,
    2476.9482984266397,
    2476.9482984266397,
    2476.9482984266397,
    2477.8267979210145,
    2479.5172236816716,
    2479.5194769665914,
    2481.9682850367085,
    2481.9682850367085,
    2481.9682850367085,
    2481.9682850367085,
    2488.757516270674,
    2488.757516270674,
    2489.7920397666926,
    2491.4556376158284,
    2491.4556376158284,
    2491.741511434363,
    2491.741511434363,
    2491.741511434363,
    2492.157542126289,
    2492.157542126289,
    2499.3887267178884,
    2500.6304937129794,
    2500.6304937129794,
    2500.6304937129794,
    2504.5633415762063,
    2504.5633415762063,
    2507.682061674738,
    2507.682061674738,
    2507.682061674738,
    2507.682061674738,
    2507.682061674738,
    2507.682061674738,
    2507.682061674738,
    2507.682061674738,
    2507.682061674738,
    2507.682061674738,
    2512.2880493018574,
    2512.2880493018574,
    2512.2880493018574
  ],