{
  "generations": [
    0,
    1,
    2,
    3,
    4,
    5,
    6,
    7,
    8,
    9,
    10,
    11,
    12,
    13,
    14,
    15,
    16,
    17,
    18,
    19,
    20,
    21,
    22,
    23,
    24,
    25,
    26,
    27,
    28,
    29,
    30,
    31,
    32,
    33,
    34,
    35,
    36,
    37,
    38,
    39,
    40,
    41,
    42,
    43,
    44,
    45,
    46,
    47,
    48,
    49,
    50,
    51,
    52,
    53,
    54,
    55,
    56,
    57,
    58,
    59,
    60,
    61,
    62,
    63,
    64,
    65,
    66,
    67,
    68,
    69,
    70,
    71,
    72,
    73,
    74,
    75,
    76,
    77,
    78,
    79,
    80,
    81,
    82,
    83,
    84,
    85,
    86,
    87,
    88,
    89,
    90,
    91,
    92,
    93,
    94,
    95,
    96,
    97,
    98,
    99,
    100
  ],
  "best_fitness": [
    6.463259699129058,
    8.275749350274328,
    63.729193205944796,
    63.729193205944796,
    63.729193205944796,
    63.729193205944796,
    63.729193205944796,
    63.729193205944796,
    63.729193205944796,
    63.729193205944796,
    63.729193205944796,
    63.729193205944796,
    67.82067135274711,
    67.82067135274711,
    67.82067135274711,
    67.82067135274711,
    67.82067135274711,
    67.82067135274711,
    67.82067135274711,
    67.82067135274711,
    67.82067135274711,
    67.82067135274711,
    185.08401392845838,
    185.08401392845838,
    185.08401392845838,
    185.08401392845838,
    185.08401392845838,
    185.08401392845838,
    185.08401392845838,
    185.08401392845838,
    185.08401392845838,
    185.08401392845838,
    257.32658131091154,
    257.32658131091154,
    257.32658131091154,
    257.32658131091154,
    257.32658131091154,
    257.32658131091154,
    257.32658131091154,
    257.32658131091154,
    257.32658131091154,
    257.32658131091154,
    257.32658131091154,
    257.32658131091154,
    257.32658131091154,
    257.32658131091154,
    257.32658131091154,
    257.32658131091154,
    257.32658131091154,
    257.32658131091154,
    257.32658131091154,
    257.32658131091154,
    257.32658131091154,
    257.32658131091154,
    257.32658131091154,
    257.32658131091154,
    257.32658131091154,
    257.32658131091154,
    257.32658131091154,
    257.32658131091154,
    257.32658131091154,
    257.32658131091154,
    257.32658131091154,
    257.32658131091154,
    257.32658131091154,
    257.32658131091154,
    257.32658131091154,
    257.32658131091154,
    257.32658131091154,
    257.32658131091154,
    257.32658131091154,
    257.32658131091154,
    257.32658131091154,
    257.32658131091154,
    257.32658131091154,
    257.32658131091154,
    257.32658131091154,
    801.3361805979256,
    801.3361805979256,
    801.3361805979256,
    801.3361805979256,
    801.3361805979256,
    801.3361805979256,
    801.3361805979256,
    801.3361805979256,
    801.3361805979256,
    801.3361805979256,
    801.3361805979256,
    801.3361805979256,
    801.3361805979256,
    801.3361805979256,
    801.3361805979256,
    801.3361805979256,
    801.3361805979256,
    801.3361805979256,
    801.3361805979256,
    801.3361805979256,
    801.3361805979256,
    801.3361805979256,
    801.3361805979256,
    801.3361805979256
  ],
  "mean_fitness": [
    -49999997.11307512,
    4.898310387533114,
    9.227655557707038,
    9.715089083974018,
    10.826781016612268,
    12.054954966977188,
    13.44198888785661,
    15.30922425586337,
    19.07147762939724,
    21.327664019075726,
    21.342600636285653,
    22.71848514927982,
    26.301214558790814,
    26.48772745802554,
    28.423375677699774,
    29.631860290520997,
    29.631860290520997,
    29.77168286492476,
    31.031562823899396,
    33.06250899849502,
    33.06250899849502,
    33.775102523105616,
    44.92953845833036,
    44.92953845833036,
    45.89157572117241,
    45.89157572117241,
    46.15048226239416,
    48.19078565550173,
    48.19078565550173,
    48.19078565550173,
    48.19078565550173,
    48.29549752841545,
    60.5636193451175,
    63.91432234375302,
    63.91432234375302,
    63.91432234375302,
    63.91432234375302,
    65.77140138484452,
    67.99869456731508,
    67.99869456731508,
    67.99869456731508,
    67.99869456731508,
    67.99869456731508,
    75.08843698148334,
    75.08843698148334,
    77.15207937303254,
    77.15207937303254,
    78.82251004120538,
    78.82251004120538,
    78.82251004120538,
    78.82251004120538,
    80.60749295968047,
    80.60749295968047,
    80.60749295968047,
    82.99747574521432,
    85.5262636194876,
    85.5262636194876,
    89.50321050079695,
    89.50321050079695,
    89.50321050079695,
    89.97785269684532,
    89.97785269684532,
    90.15192925379843,
    90.15192925379843,
    90.15192925379843,
    90.15192925379843,
    94.8339965250256,
    94.8339965250256,
    96.09380203907168,
    96.09380203907168,
    96.09380203907168,
    98.05938821899406,
    98.05938821899406,
    98.05938821899406,
    98.05938821899406,
    98.05938821899406,
    98.05938821899406,
    135.4799071947913,
    135.4799071947913,
    135.4799071947913,
    135.4799071947913,
    135.4799071947913,
    135.4799071947913,
    135.4799071947913,
    135.4799071947913,
    135.4799071947913,
    135.4799071947913,
    135.4799071947913,
    135.4799071947913,
    135.4799071947913,
    135.4799071947913,
    135.4799071947913,
    135.4799071947913,
    135.4799071947913,
    135.4799071947913,
    135.4799071947913,
    135.4799071947913,
    135.4799071947913,
    135.4799071947913,
    135.4799071947913,
    139.09782583015325
  ],
  "std_fitness": [
    217944947.83933967,
    1.3882948426158541,
    12.673477335814493,
    12.541526226957606,
    13.025188255695914,
    12.839974938048577,
    13.020519101884734,
    12.737775771859928,
    14.575055395702275,
    14.724196982971218,
    14.712045721042083,
    14.658611664438856,
    17.024154873244726,
    16.87915671582508,
    16.310595919957322,
    16.042956582947475,
    16.042956582947475,
    15.912862207819034,
    15.565495057720286,
    14.286640287241436,
    14.286640287241436,
    13.771754132530347,
    35.33321398615008,
    35.33321398615008,
    34.846051266140556,
    34.846051266140556,
    34.705381204914815,
    34.624445147956514,
    34.624445147956514,
    34.624445147956514,
    34.624445147956514,
    34.55955807613231,
    56.416273074791356,
    56.309269452404024,
    56.309269452404024,
    56.309269452404024,
    56.309269452404024,
    55.69854781605585,
    55.00380610155074,
    55.00380610155074,
    55.00380610155074,
    55.00380610155074,
    55.00380610155074,
    58.71477874625249,
    58.71477874625249,
    57.907447878317235,
    57.907447878317235,
    57.13487333514551,
    57.13487333514551,
    57.13487333514551,
    57.13487333514551,
    56.292186936926406,
    56.292186936926406,
    56.292186936926406,
    55.40188884692221,
    54.401831863890294,
    54.401831863890294,
    53.6498546910305,
    53.6498546910305,
    53.6498546910305,
    53.238365099108734,
    53.238365099108734,
    53.08148984298247,
    53.08148984298247,
    53.08148984298247,
    53.08148984298247,
    52.71920036711739,
    52.71920036711739,
    51.779649023389005,
    51.779649023389005,
    51.779649023389005,
    50.65647525018009,
    50.65647525018009,
    50.65647525018009,
    50.65647525018009,
    50.65647525018009,
    50.65647525018009,
    160.6046186910617,
    160.6046186910617,
    160.6046186910617,
    160.6046186910617,
    160.6046186910617,
    160.6046186910617,
    160.6046186910617,
    160.6046186910617,
    160.6046186910617,
    160.6046186910617,
    160.6046186910617,
    160.6046186910617,
    160.6046186910617,
    160.6046186910617,
    160.6046186910617,
    160.6046186910617,
    160.6046186910617,
    160.6046186910617,
    160.6046186910617,
    160.6046186910617,
    160.6046186910617,
    160.6046186910617,
    160.6046186910617,
    159.4213247573415
  ],