{
  "generations": [
    0,
    1,
    2,
    3,
    4,
    5,
    6,
    7,
    8,
    9,
    10,
    11,
    12,
    13,
    14,
    15,
    16,
    17,
    18,
    19,
    20,
    21,
    22,
    23,
    24,
    25,
    26,
    27,
    28,
    29,
    30,
    31,
    32,
    33,
    34,
    35,
    36,
    37,
    38,
    39,
    40,
    41,
    42,
    43,
    44,
    45,
    46,
    47,
    48,
    49,
    50,
    51,
    52,
    53,
    54,
    55,
    56,
    57,
    58,
    59,
    60,
    61,
    62,
    63,
    64,
    65,
    66,
    67,
    68,
    69,
    70,
    71,
    72,
    73,
    74,
    75,
    76,
    77,
    78,
    79,
    80,
    81,
    82,
    83,
    84,
    85,
    86,
    87,
    88,
    89,
    90,
    91,
    92,
    93,
    94,
    95,
    96,
    97,
    98,
    99,
    100
  ],
  "best_fitness": [
    8.336079093799682,
    105.21418101868817,
    105.21418101868817,
    105.21418101868817,
    105.21418101868817,
    105.21418101868817,
    105.21418101868817,
    105.21418101868817,
    105.21418101868817,
    105.21418101868817,
    105.21418101868817,
    105.21418101868817,
    105.21418101868817,
    105.21418101868817,
    105.21418101868817,
    105.21418101868817,
    105.21418101868817,
    105.21418101868817,
    105.21418101868817,
    105.21418101868817,
    105.21418101868817,
    105.21418101868817,
    105.21418101868817,
    105.21418101868817,
    105.21418101868817,
    105.21418101868817,
    105.21418101868817,
    105.21418101868817,
    105.21418101868817,
    105.21418101868817,
    2217.9256110520723,
    2217.9256110520723,
    2217.9256110520723,
    2217.9256110520723,
    2217.9256110520723,
    2217.9256110520723,
    2217.9256110520723,
    2217.9256110520723,
    2217.9256110520723,
    2217.9256110520723,
    2217.9256110520723,
    2217.9256110520723,
    2217.9256110520723,
    2217.9256110520723,
    2217.9256110520723,
    2217.9256110520723,
    2217.9256110520723,
    2217.9256110520723,
    2217.9256110520723,
    2217.9256110520723,
    2217.9256110520723,
    2217.9256110520723,
    2217.9256110520723,
    2217.9256110520723,
    2217.9256110520723,
    2217.9256110520723,
    2217.9256110520723,
    2217.9256110520723,
    2217.9256110520723,
    2217.9256110520723,
    2217.9256110520723,
    2217.9256110520723,
    2217.9256110520723,
    2217.9256110520723,
    2217.9256110520723,
    2217.9256110520723,
    2217.9256110520723,
    2217.9256110520723,
    2217.9256110520723,
    2217.9256110520723,
    2217.9256110520723,
    2217.9256110520723,
    2217.9256110520723,
    2217.9256110520723,
    2217.9256110520723,
    2217.9256110520723,
    2217.9256110520723,
    2217.9256110520723,
    2217.9256110520723,
    2217.9256110520723,
    2217.9256110520723,
    2217.9256110520723,
    2217.9256110520723,
    2217.9256110520723,
    2217.9256110520723,
    2217.9256110520723,
    2217.9256110520723,
    2217.9256110520723,
    2217.9256110520723,
    2217.9256110520723,
    2217.9256110520723,
    2217.9256110520723,
    2217.9256110520723,
    2217.9256110520723,
    2217.9256110520723,
    2217.9256110520723,
    2217.9256110520723,
    2217.9256110520723,
    2217.9256110520723,
    2217.9256110520723,
    2217.9256110520723
  ],
  "mean_fitness": [
    4.4149864008002195,
    11.170945186365492,
    11.722230578800307,
    13.14433456377289,
    14.133367549002141,
    14.702309178395485,
    16.484959613447515,
    16.548333196707695,
    20.149253155949093,
    20.15343919339993,
    20.48063692667616,
    20.765396277503836,
    24.788467111997225,
    26.603608253504774,
    27.50768880221035,
    28.057890080774264,
    28.9955780015028,
    29.616160993765874,
    29.995103722775887,
    31.16079432189777,
    31.665070879313316,
    31.900059192582763,
    32.9700927017697,
    32.9700927017697,
    34.015391573670534,
    37.08272412575453,
    37.48616143548422,
    38.51519160096879,
    38.51519160096879,
    38.51519160096879,
    148.53432519587295,
    149.3593279533563,
    149.3593279533563,
    149.3593279533563,
    149.36613644715845,
    161.30767409121478,
    161.82682398489584,
    161.82682398489584,
    163.66129110391347,
    165.64417948236698,
    165.64417948236698,
    165.64417948236698,
    166.10938285524682,
    167.36003715042747,
    167.36003715042747,
    167.36003715042747,
    168.12147045572448,
    168.12147045572448,
    168.43626889588472,
    168.53211413953028,
    168.53211413953028,
    168.53211413953028,
    169.16902321257024,
    169.81603435951027,
    169.81603435951027,
    169.81603435951027,
    169.81603435951027,
    169.81603435951027,
    169.81603435951027,
    169.91179213623724,
    169.91179213623724,
    170.592055475576,
    170.592055475576,
    176.49756199799862,
    176.49756199799862,
    176.49756199799862,
    176.49756199799862,
    176.49756199799862,
    176.49756199799862,
    176.49756199799862,
    176.49756199799862,
    182.3349181815501,
    182.3349181815501,
    189.85244268577787,
    189.85244268577787,
    200.01011175044556,
    200.01011175044556,
    200.01011175044556,
    200.01011175044556,
    205.05069848712282,
    206.29157073444225,
    206.29157073444225,
    206.29157073444225,
    206.29157073444225,
    206.29157073444225,
    206.29157073444225,
    206.29157073444225,
    213.15144281669558,
    213.15144281669558,
    213.15144281669558,
    213.15144281669558,
    213.15144281669558,
    213.15144281669558,
    213.15144281669558,
    226.84867689470298,
    226.84867689470298,
    226.84867689470298,
    226.84867689470298,
    226.87165807256565,
    230.42932246444508,
    230.42932246444508
  ],