{
  "generation": [
    0,
    1,
    2,
    3,
    4,
    5,
    6,
    7,
    8,
    9,
    10,
    11,
    12,
    13,
    14,
    15,
    16,
    17,
    18,
    19,
    20,
    21,
    22,
    23,
    24,
    25,
    26,
    27,
    28,
    29,
    30,
    31,
    32,
    33,
    34,
    35,
    36,
    37,
    38,
    39,
    40,
    41,
    42,
    43,
    44,
    45,
    46,
    47,
    48,
    49,
    50,
    51,
    52,
    53,
    54,
    55,
    56,
    57,
    58,
    59,
    60,
    61,
    62,
    63,
    64,
    65,
    66,
    67,
    68,
    69,
    70,
    71,
    72,
    73,
    74,
    75,
    76,
    77,
    78,
    79,
    80,
    81,
    82,
    83,
    84,
    85,
    86,
    87,
    88,
    89,
    90,
    91,
    92,
    93,
    94,
    95,
    96,
    97,
    98,
    99,
    100
  ],
  "hypervolume": [
    40931418922.50734,
    40931418922.50734,
    40931418922.50734,
    40931418922.50734,
    40931418922.50734,
    40931418922.50734,
    40931418922.50734,
    40931418922.50734,
    40931418922.50734,
    40931418922.50734,
    40931418922.50734,
    40931418922.50734,
    40931418922.50734,
    40931418922.50734,
    40931418922.50734,
    40931418922.50734,
    40931418922.50734,
    40931418922.50734,
    40931418922.50734,
    40931418922.50734,
    40931418922.50734,
    40931418922.50734,
    40931418922.50734,
    40931418922.50734,
    40931418922.50734,
    40931418922.50734,
    40931418922.50734,
    40931418922.50734,
    40931418922.50734,
    40931418922.50734,
    40931418922.50734,
    40931418922.50734,
    40931418922.50734,
    40931418922.50734,
    40931418922.50734,
    40931418922.50734,
    40931418922.50734,
    40931418922.50734,
    40931418922.50734,
    40931418922.50734,
    40931418922.50734,
    40931418922.50734,
    40931418922.50734,
    40931418922.50734,
    40931418922.50734,
    40931418922.50734,
    40931418922.50734,
    40931418922.50734,
    40931418922.50734,
    40931418922.50734,
    40931418922.50734,
    40931418922.50734,
    40931418922.50734,
    40931418922.50734,
    40931418922.50734,
    40931418922.50734,
    40931418922.50734,
    40931418922.50734,
    40931418922.50734,
    40931418922.50734,
    40931418922.50734,
    40931418922.50734,
    40931418922.50734,
    40931418922.50734,
    40931418922.50734,
    40931418922.50734,
    40931418922.50734,
    40931418922.50734,
    40931418922.50734,
    40931418922.50734,
    40931418922.50734,
    40931418922.50734,
    40931418922.50734,
    40931418922.50734,
    40931418922.50734,
    40931418922.50734,
    40931418922.50734,
    40931418922.50734,
    40931418922.50734,
    40931418922.50734,
    40931418922.50734,
    40931418922.50734,
    40931418922.50734,
    40931418922.50734,
    40931418922.50734,
    40931418922.50734,
    40931418922.50734,
    40931418922.50734,
    40931418922.50734,
    40931418922.50734,
    40931418922.50734,
    40931418922.50734,
    40931418922.50734,
    40931418922.50734,
    40931418922.50734,
    40931418922.50734,
    40931418922.50734,
    40931418922.50734,
    40931418922.50734,
    40931418922.50734,
    40931418922.50734
  ],
  "max_beta": [
    43.036389245471405,
    43.036389245471405,
    43.036389245471405,
    43.036389245471405,
    43.036389245471405,
    43.036389245471405,
    43.036389245471405,
    43.036389245471405,
    43.036389245471405,
    43.036389245471405,
    43.036389245471405,
    43.036389245471405,
    43.036389245471405,
    43.036389245471405,
    43.036389245471405,
    43.036389245471405,
    67.29251848380116,
    67.29251848380116,
    67.29251848380116,
    67.29251848380116,
    67.29251848380116,
    67.29251848380116,
    67.29251848380116,
    67.29251848380116,
    67.29251848380116,
    67.29251848380116,
    67.29251848380116,
    67.29251848380116,
    67.29251848380116,
    89.49932815127119,
    89.49932815127119,
    89.49932815127119,
    89.49932815127119,
    89.49932815127119,
    89.49932815127119,
    89.49932815127119,
    89.49932815127119,
    89.49932815127119,
    89.49932815127119,
    89.49932815127119,
    89.49932815127119,
    89.49932815127119,
    89.49932815127119,
    89.49932815127119,
    89.49932815127119,
    89.49932815127119,
    89.49932815127119,
    89.49932815127119,
    89.49932815127119,
    89.49932815127119,
    236.9447587351985,
    236.9447587351985,
    236.9447587351985,
    236.9447587351985,
    236.9447587351985,
    236.9447587351985,
    236.9447587351985,
    236.9447587351985,
    236.9447587351985,
    236.9447587351985,
    236.9447587351985,
    236.9447587351985,
    236.9447587351985,
    236.9447587351985,
    236.9447587351985,
    236.9447587351985,
    236.9447587351985,
    236.9447587351985,
    236.9447587351985,
    236.9447587351985,
    236.9447587351985,
    236.9447587351985,
    236.9447587351985,
    236.9447587351985,
    236.9447587351985,
    236.9447587351985,
    236.9447587351985,
    236.9447587351985,
    453.99848413991066,
    453.99848413991066,
    453.99848413991066,
    453.99848413991066,
    453.99848413991066,
    453.99848413991066,
    453.99848413991066,
    453.99848413991066,
    453.99848413991066,
    453.99848413991066,
    453.99848413991066,
    453.99848413991066,
    453.99848413991066,
    453.99848413991066,
    453.99848413991066,
    453.99848413991066,
    453.99848413991066,
    453.99848413991066,
    453.99848413991066,
    453.99848413991066,
    453.99848413991066,
    453.99848413991066,
    453.99848413991066
  ],
  "avg_beta": [
    5.5867600251268135,
    4.645247333473742,
    5.014425078086973,
    4.712725395187888,
    4.826192231124503,
    6.221758040996786,
    4.233698155064157,
    3.5325400383515673,
    4.039746742049756,
    2.852968681126948,
    5.383027006292139,
    4.501367044433596,
    4.414970202181291,
    4.998796690649501,
    2.524804442663592,
    3.5228307093205764,
    4.636106877248701,
    5.176660745868425,
    4.997514290861155,
    5.276828797304701,
    3.1812173247212945,
    4.786552038295975,
    7.0719277733533445,
    7.220457019144471,
    6.980626472279565,
    7.9432431064193025,
    8.208654341239118,
    8.663843715553535,
    6.377284642642849,
    5.795343668803574,
    7.744232242948749,
    8.115309780191847,
    8.43474010810703,
    7.8215725978536295,
    7.518945581626596,
    7.525493493165198,
    8.508589636739746,
    8.549852712331148,
    9.347837708230596,
    8.318874375264881,
    7.953757389159615,
    9.364048042710419,
    6.662907503668802,
    6.43966750313038,
    7.290687335559284,
    6.287213235801669,
    7.720604261394645,
    7.849846832596195,
    7.897083330160489,
    7.248815455248071,
    13.899604291407181,
    15.911179670133256,
    15.771519050855375,
    15.694882981563847,
    15.265253561874598,
    16.199580731656162,
    15.434893224957094,
    17.632229172512766,
    15.48566627528152,
    14.995662699158222,
    13.308015442754126,
    15.204476490881351,
    16.281560869962323,
    16.42880983987734,
    16.529736152406144,
    16.136976268258817,
    15.433558860403679,
    15.955233085498824,
    15.523750735857472,
    15.149730984869882,
    15.44237593687617,
    14.458369723554359,
    15.427794528006459,
    14.267138569934795,
    15.707403277368659,
    15.346315525148565,
    14.432621050293525,
    15.187586159376815,
    26.183060931881716,
    25.39729594695647,
    26.047177289439986,
    26.319816028344583,
    27.59245107918195,
    28.21353897436191,
    27.053312236580204,
    27.76032921317131,
    26.906274834490524,
    27.163175105516622,
    27.391626588856553,
    27.98171910844353,
    27.15729913436474,
    28.264819952935476,
    28.23518338835111,
    28.115242717765586,
    27.008033205461466,
    26.14794599840572,
    28.226284710764197,
    27.402664919536598,
    27.474517734431505,
    27.41166468364465,
    27.432209925975666
  ],