{
  "generations": [
    0,
    1,
    2,
    3,
    4,
    5,
    6,
    7,
    8,
    9,
    10,
    11,
    12,
    13,
    14,
    15,
    16,
    17,
    18,
    19,
    20,
    21,
    22,
    23,
    24,
    25,
    26,
    27,
    28,
    29,
    30,
    31,
    32,
    33,
    34,
    35,
    36,
    37,
    38,
    39,
    40,
    41,
    42,
    43,
    44,
    45,
    46,
    47,
    48,
    49,
    50,
    51,
    52,
    53,
    54,
    55,
    56,
    57,
    58,
    59,
    60,
    61,
    62,
    63,
    64,
    65,
    66,
    67,
    68,
    69,
    70,
    71,
    72,
    73,
    74,
    75,
    76,
    77,
    78,
    79,
    80,
    81,
    82,
    83,
    84,
    85,
    86,
    87,
    88,
    89,
    90,
    91,
    92,
    93,
    94,
    95,
    96,
    97,
    98,
    99,
    100
  ],
  "best_fitness": [
    16.49060229291135,
    16.49060229291135,
    18.7913074204947,
    18.7913074204947,
    18.7913074204947,
    18.7913074204947,
    18.7913074204947,
    53.38462917320188,
    84.90605367793242,
    84.90605367793242,
    84.90605367793242,
    84.90605367793242,
    84.90605367793242,
    84.90605367793242,
    84.90605367793242,
    84.90605367793242,
    84.90605367793242,
    84.90605367793242,
    84.90605367793242,
    84.90605367793242,
    84.90605367793242,
    89.01947374953457,
    89.01947374953457,
    89.01947374953457,
    89.01947374953457,
    89.01947374953457,
    89.01947374953457,
    89.01947374953457,
    89.01947374953457,
    89.01947374953457,
    89.01947374953457,
    89.01947374953457,
    89.01947374953457,
    89.01947374953457,
    89.01947374953457,
    89.01947374953457,
    89.01947374953457,
    89.01947374953457,
    89.01947374953457,
    89.01947374953457,
    89.01947374953457,
    89.01947374953457,
    89.01947374953457,
    89.01947374953457,
    89.01947374953457,
    89.01947374953457,
    89.01947374953457,
    89.01947374953457,
    89.01947374953457,
    89.01947374953457,
    89.01947374953457,
    95.24965471447544,
    95.24965471447544,
    95.24965471447544,
    95.24965471447544,
    95.24965471447544,
    95.24965471447544,
    95.24965471447544,
    95.24965471447544,
    95.24965471447544,
    95.24965471447544,
    95.24965471447544,
    95.24965471447544,
    95.24965471447544,
    95.24965471447544,
    95.24965471447544,
    95.24965471447544,
    95.24965471447544,
    3980.421487603306,
    3980.421487603306,
    3980.421487603306,
    3980.421487603306,
    3980.421487603306,
    3980.421487603306,
    3980.421487603306,
    3980.421487603306,
    3980.421487603306,
    3980.421487603306,
    3980.421487603306,
    3980.421487603306,
    3980.421487603306,
    3980.421487603306,
    3980.421487603306,
    3980.421487603306,
    3980.421487603306,
    3980.421487603306,
    3980.421487603306,
    3980.421487603306,
    3980.421487603306,
    3980.421487603306,
    3980.421487603306,
    3980.421487603306,
    3980.421487603306,
    3980.421487603306,
    3980.421487603306,
    3980.421487603306,
    3980.421487603306,
    3980.421487603306,
    3980.421487603306,
    3980.421487603306,
    3980.421487603306
  ],
  "mean_fitness": [
    4.60287352505569,
    7.2543435771104345,
    8.469628419005264,
    8.720079845397908,
    8.835339829966252,
    8.88170203236609,
    9.016867187914379,
    11.861029649329703,
    15.747590438094454,
    18.775160588626576,
    21.176278417690106,
    26.83314967315788,
    28.024985805567827,
    34.73234003751985,
    40.273747291855685,
    45.61402453318486,
    46.123924732346616,
    46.257616878612346,
    48.664142093964415,
    48.97437198241062,
    50.09767479656064,
    53.861682649980025,
    53.861682649980025,
    54.04485553886896,
    54.104231960784276,
    54.89768769949484,
    55.7846301350501,
    56.702554653708106,
    56.702554653708106,
    58.302129846561726,
    58.40140812415636,
    58.57324662422114,
    58.57324662422114,
    58.57324662422114,
    58.7613772484352,
    58.86689598886873,
    59.06072950969434,
    59.06072950969434,
    59.06072950969434,
    59.30900660549575,
    59.74343030619955,
    59.74343030619955,
    59.74343030619955,
    60.239546498087385,
    60.239546498087385,
    60.239546498087385,
    60.27592030856198,
    60.27592030856198,
    60.40663236571887,
    60.40663236571887,
    60.623045460633,
    62.79548290508561,
    62.79548290508561,
    62.79548290508561,
    62.79548290508561,
    62.79548290508561,
    62.79548290508561,
    62.79548290508561,
    62.79548290508561,
    62.79548290508561,
    62.79548290508561,
    62.79548290508561,
    63.04539264887596,
    63.04539264887596,
    63.04539264887596,
    63.04539264887596,
    63.04539264887596,
    63.04539264887596,
    259.340430415769,
    259.340430415769,
    259.340430415769,
    274.9167421084468,
    274.9167421084468,
    274.9167421084468,
    274.9167421084468,
    276.14220050188885,
    276.14220050188885,
    277.46565348378573,
    277.46565348378573,
    277.46565348378573,
    277.46565348378573,
    277.46565348378573,
    277.46565348378573,
    277.46565348378573,
    278.2615103038949,
    278.2615103038949,
    279.5458694837458,
    279.5458694837458,
    279.5458694837458,
    279.5458694837458,
    279.5458694837458,
    279.5458694837458,
    279.5458694837458,
    279.5458694837458,
    279.5458694837458,
    279.5458694837458,
    279.5458694837458,
    279.5458694837458,
    279.5458694837458,
    279.5458694837458,
    317.0598986922428
  ],
  "std_fitness": [
    4.140987813917889,
    3.0593177147926665,
    3.5914812997423993,
    3.4516137037112418,
    3.391517237411373,
    3.3633380379101117,
    3.297625992431653,
    10.123270133344997,
    18.789784472966424,
    18.724675338509027,
    18.499103354053553,
    20.384561978634316,
    19.912555995338863,
    18.4435961213867,
    17.24186839173998,
    14.530677487488969,
    13.94108052405267,
    13.799054382117626,
    12.946834550125587,
    12.5633740492634,
    11.875100526205257,
    13.16000208617835,
    13.16000208617835,
    12.903910676627353,
    12.815719498294387,
    12.115642491233421,
    11.305808343357944,
    10.416418099931569,
    10.416418099931569,
    11.409071084964216,
    11.351103442001193,
    11.264712710105842,
    11.264712710105842,
    11.264712710105842,
    11.175020422445131,
    11.118782325469592,
    11.031391774971,
    11.031391774971,
    11.031391774971,
    10.906984141320185,
    10.748797622383513,
    10.748797622383513,
    10.748797622383513,
    10.662044223895734,
    10.662044223895734,
    10.662044223895734,
    10.639814196347608,
    10.639814196347608,
    10.57182947072546,
    10.57182947072546,
    10.477311705600014,
    12.710855486042092,
    12.710855486042092,
    12.710855486042092,
    12.710855486042092,
    12.710855486042092,
    12.710855486042092,
    12.710855486042092,
    12.710855486042092,
    12.710855486042092,
    12.710855486042092,
    12.710855486042092,
    12.586197543504566,
    12.586197543504566,
    12.586197543504566,
    12.586197543504566,
    12.586197543504566,
    12.586197543504566,
    853.7650792173375,
    853.7650792173375,
    853.7650792173375,
    852.7283126031144,
    852.7283126031144,
    852.7283126031144,
    852.7283126031144,
    852.4286867720552,
    852.4286867720552,
    852.1046088864556,
    852.1046088864556,
    852.1046088864556,
    852.1046088864556,
    852.1046088864556,
    852.1046088864556,
    852.1046088864556,
    851.9040525605716,
    851.9040525605716,
    851.586778465693,
    851.586778465693,
    851.586778465693,
    851.586778465693,
    851.586778465693,
    851.586778465693,
    851.586778465693,
    851.586778465693,
    851.586778465693,
    851.586778465693,
    851.586778465693,
    851.586778465693,
    851.586778465693,
    851.586778465693,
    857.41456679275
  ],
  "objective": "beta_gamma_ratio",
  "maximize": true
}