{
  "generations": [
    0,
    1,
    2,
    3,
    4,
    5,
    6,
    7,
    8,
    9,
    10,
    11,
    12,
    13,
    14,
    15,
    16,
    17,
    18,
    19,
    20,
    21,
    22,
    23,
    24,
    25,
    26,
    27,
    28,
    29,
    30,
    31,
    32,
    33,
    34,
    35,
    36,
    37,
    38,
    39,
    40,
    41,
    42,
    43,
    44,
    45,
    46,
    47,
    48,
    49,
    50,
    51,
    52,
    53,
    54,
    55,
    56,
    57,
    58,
    59,
    60,
    61,
    62,
    63,
    64,
    65,
    66,
    67,
    68,
    69,
    70,
    71,
    72,
    73,
    74,
    75,
    76,
    77,
    78,
    79,
    80,
    81,
    82,
    83,
    84,
    85,
    86,
    87,
    88,
    89,
    90,
    91,
    92,
    93,
    94,
    95,
    96,
    97,
    98,
    99,
    100
  ],
  "best_fitness": [
    18.490188585607942,
    18.490188585607942,
    20.064977037887488,
    20.064977037887488,
    20.064977037887488,
    20.064977037887488,
    20.064977037887488,
    20.064977037887488,
    38.06763707804965,
    38.06763707804965,
    38.06763707804965,
    38.06763707804965,
    38.06763707804965,
    38.06763707804965,
    38.06763707804965,
    38.06763707804965,
    38.06763707804965,
    38.06763707804965,
    38.06763707804965,
    38.06763707804965,
    38.06763707804965,
    38.06763707804965,
    260.19271844660193,
    260.19271844660193,
    260.19271844660193,
    260.19271844660193,
    260.19271844660193,
    260.19271844660193,
    438.57788687736524,
    438.57788687736524,
    438.57788687736524,
    438.57788687736524,
    438.57788687736524,
    438.57788687736524,
    445.50399999999996,
    445.50399999999996,
    445.50399999999996,
    445.50399999999996,
    445.50399999999996,
    445.50399999999996,
    445.50399999999996,
    445.50399999999996,
    890.1281097419204,
    890.1281097419204,
    890.1281097419204,
    890.1281097419204,
    890.1281097419204,
    890.1281097419204,
    890.1281097419204,
    890.1281097419204,
    890.1281097419204,
    890.1281097419204,
    890.1281097419204,
    890.1281097419204,
    890.1281097419204,
    890.1281097419204,
    890.1281097419204,
    890.1281097419204,
    890.1281097419204,
    890.1281097419204,
    890.1281097419204,
    890.1281097419204,
    890.1281097419204,
    890.1281097419204,
    890.1281097419204,
    1122.5453745785076,
    1122.5453745785076,
    1122.5453745785076,
    1122.5453745785076,
    1122.5453745785076,
    1122.5453745785076,
    1122.5453745785076,
    1122.5453745785076,
    1122.5453745785076,
    1122.5453745785076,
    1122.5453745785076,
    1122.5453745785076,
    1122.5453745785076,
    1122.5453745785076,
    1122.5453745785076,
    1122.5453745785076,
    1122.5453745785076,
    1122.5453745785076,
    1122.5453745785076,
    1122.5453745785076,
    1122.5453745785076,
    1122.5453745785076,
    1122.5453745785076,
    1122.5453745785076,
    1122.5453745785076,
    1122.5453745785076,
    1122.5453745785076,
    1122.5453745785076,
    1122.5453745785076,
    1122.5453745785076,
    1122.5453745785076,
    1122.5453745785076,
    1122.5453745785076,
    1122.5453745785076,
    1122.5453745785076,
    1122.5453745785076
  ],
  "mean_fitness": [
    5.475981061118154,
    7.518784802939559,
    8.765712441246228,
    9.757276824531992,
    10.218145701654489,
    10.752128932085473,
    11.101762880401406,
    11.574753184243342,
    13.339397535218017,
    13.469349930318419,
    13.469349930318419,
    13.7762901163515,
    13.873627390250016,
    13.95658428737045,
    15.068718761886661,
    15.192189798415603,
    15.2557732951751,
    15.43922498163939,
    15.44686699140836,
    15.916704918611709,
    15.916704918611709,
    16.582563940495543,
    29.42736627589348,
    30.65000365485788,
    30.65000365485788,
    32.170008864844775,
    32.170008864844775,
    32.170008864844775,
    53.43686933020835,
    53.52778935217551,
    53.52778935217551,
    53.801578802415484,
    59.880605024004566,
    67.38811119997926,
    94.51141265674951,
    96.72782402948425,
    101.73883107558902,
    124.49102483414477,
    153.45766008926614,
    155.56090705096108,
    155.56090705096108,
    161.28148966391757,
    206.83861173625132,
    207.21981819271514,
    207.21981819271514,
    207.3704644705026,
    207.3704644705026,
    207.3704644705026,
    216.9879258442712,
    217.00125174835267,
    217.01303413838696,
    220.24365387889424,
    220.2760409982273,
    220.32434627796874,
    220.32434627796874,
    220.32434627796874,
    223.65121584558688,
    227.04189974843098,
    229.9051816762883,
    229.9051816762883,
    229.9051816762883,
    229.9051816762883,
    229.9051816762883,
    229.9051816762883,
    229.9051816762883,
    283.5637055727119,
    283.5637055727119,
    294.06430295863794,
    294.06430295863794,
    294.06430295863794,
    294.06430295863794,
    294.06430295863794,
    294.06430295863794,
    294.06430295863794,
    294.06430295863794,
    294.06430295863794,
    294.06430295863794,
    295.1524979877526,
    295.1524979877526,
    295.1524979877526,
    295.1524979877526,
    295.1524979877526,
    295.1524979877526,
    295.1524979877526,
    295.1524979877526,
    295.1524979877526,
    295.1524979877526,
    295.1524979877526,
    295.7986329373039,
    295.95876023826634,
    296.4641952176056,
    296.4641952176056,
    296.4641952176056,
    296.4641952176056,
    296.4641952176056,
    296.4641952176056,
    296.4641952176056,
    296.4641952176056,
    296.4641952176056,
    296.4641952176056,
    296.4641952176056
  ],