{
  "generations": [
    0,
    1,
    2,
    3,
    4,
    5,
    6,
    7,
    8,
    9,
    10,
    11,
    12,
    13,
    14,
    15,
    16,
    17,
    18,
    19,
    20,
    21,
    22,
    23,
    24,
    25,
    26,
    27,
    28,
    29,
    30,
    31,
    32,
    33,
    34,
    35,
    36,
    37,
    38,
    39,
    40,
    41,
    42,
    43,
    44,
    45,
    46,
    47,
    48,
    49,
    50,
    51,
    52,
    53,
    54,
    55,
    56,
    57,
    58,
    59,
    60,
    61,
    62,
    63,
    64,
    65,
    66,
    67,
    68,
    69,
    70,
    71,
    72,
    73,
    74,
    75,
    76,
    77,
    78,
    79,
    80,
    81,
    82,
    83,
    84,
    85,
    86,
    87,
    88,
    89,
    90,
    91,
    92,
    93,
    94,
    95,
    96,
    97,
    98,
    99,
    100
  ],
  "best_fitness": [
    12.976188478747202,
    12.976188478747202,
    55.99347580645161,
    55.99347580645161,
    55.99347580645161,
    55.99347580645161,
    55.99347580645161,
    55.99347580645161,
    55.99347580645161,
    55.99347580645161,
    55.99347580645161,
    55.99347580645161,
    55.99347580645161,
    55.99347580645161,
    55.99347580645161,
    55.99347580645161,
    55.99347580645161,
    55.99347580645161,
    55.99347580645161,
    55.99347580645161,
    55.99347580645161,
    55.99347580645161,
    55.99347580645161,
    55.99347580645161,
    55.99347580645161,
    55.99347580645161,
    55.99347580645161,
    55.99347580645161,
    55.99347580645161,
    55.99347580645161,
    55.99347580645161,
    55.99347580645161,
    55.99347580645161,
    55.99347580645161,
    55.99347580645161,
    55.99347580645161,
    55.99347580645161,
    55.99347580645161,
    55.99347580645161,
    55.99347580645161,
    55.99347580645161,
    55.99347580645161,
    55.99347580645161,
    55.99347580645161,
    55.99347580645161,
    55.99347580645161,
    55.99347580645161,
    55.99347580645161,
    55.99347580645161,
    55.99347580645161,
    55.99347580645161,
    55.99347580645161,
    4212.257021276596,
    4212.257021276596,
    9418.643620530413,
    9418.643620530413,
    9418.643620530413,
    9418.643620530413,
    9418.643620530413,
    9418.643620530413,
    9418.643620530413,
    9418.643620530413,
    9418.643620530413,
    9418.643620530413,
    9418.643620530413,
    9418.643620530413,
    9418.643620530413,
    9418.643620530413,
    9418.643620530413,
    9418.643620530413,
    9418.643620530413,
    9418.643620530413,
    9418.643620530413,
    9418.643620530413,
    9418.643620530413,
    9418.643620530413,
    9418.643620530413,
    9418.643620530413,
    9418.643620530413,
    9418.643620530413,
    9418.643620530413,
    9418.643620530413,
    9418.643620530413,
    9418.643620530413,
    9418.643620530413,
    9418.643620530413,
    9418.643620530413,
    9418.643620530413,
    9418.643620530413,
    9418.643620530413,
    9418.643620530413,
    9418.643620530413,
    9418.643620530413,
    9418.643620530413,
    9418.643620530413,
    9418.643620530413,
    9418.643620530413,
    9418.643620530413,
    9418.643620530413,
    9418.643620530413,
    9418.643620530413
  ],
  "mean_fitness": [
    4.183295485658194,
    7.001463321214682,
    10.041240582156144,
    11.322844204810172,
    14.095761882509175,
    14.265864389845955,
    14.265864389845955,
    16.132132987721775,
    16.13973799285907,
    17.264123942243216,
    19.58972153662021,
    20.20124474367148,
    22.390895247791253,
    25.749028793384316,
    25.800537158376407,
    25.800537158376407,
    25.843985714926454,
    26.383288742522534,
    26.47202789902043,
    26.47202789902043,
    26.61961876029821,
    27.06692026073163,
    27.06692026073163,
    27.441113237869097,
    27.81335879143349,
    28.15570910825402,
    28.15570910825402,
    28.15570910825402,
    28.15570910825402,
    28.485001998484062,
    28.485001998484062,
    28.48575749590767,
    28.48575749590767,
    29.30246826413147,
    29.30246826413147,
    29.3403657846285,
    29.3403657846285,
    29.50832725426298,
    29.59317027729785,
    29.59317027729785,
    29.59317027729785,
    30.80269405094748,
    31.553449670590094,
    31.553449670590094,
    31.553449670590094,
    31.553449670590094,
    33.68577131156114,
    33.68577131156114,
    33.68577131156114,
    34.02278063934811,
    34.6861998170633,
    34.98871360389724,
    244.45413461274833,
    244.45413461274833,
    714.2341654693455,
    714.2341654693455,
    733.6479102971433,
    733.6479102971433,
    734.6237634529338,
    734.6237634529338,
    744.408310544386,
    744.408310544386,
    744.408310544386,
    744.408310544386,
    770.572818620776,
    770.572818620776,
    770.572818620776,
    770.572818620776,
    771.0420076266992,
    800.5429066782355,
    800.5429066782355,
    805.5725765831195,
    805.7972189684644,
    805.7972189684644,
    805.7972189684644,
    805.7972189684644,
    805.7972189684644,
    805.7972189684644,
    805.7972189684644,
    805.8624747039505,
    806.4002184768375,
    806.4002184768375,
    806.4002184768375,
    806.4002184768375,
    806.4002184768375,
    806.4002184768375,
    806.4002184768375,
    808.9238430733719,
    808.9656140748668,
    808.9656140748668,
    808.9656140748668,
    808.9656140748668,
    808.9656140748668,
    808.9656140748668,
    808.9656140748668,
    808.9656140748668,
    808.9656140748668,
    808.9656140748668,
    808.9656140748668,
    808.9656140748668,
    809.1739022449672
  ],
  "std_fitness": [
    2.8895184212796825,
    2.6016082574984427,
    10.800164129075752,
    10.942465577794085,
    11.671199237840236,
    11.566544740837335,
    11.566544740837335,
    11.47814758954807,
    11.47278419576648,
    11.178848124222437,
    13.767381410586866,
    13.590883415631316,
    12.89367662051101,
    13.493598869077662,
    13.44382511443652,
    13.44382511443652,
    13.402562077746682,
    13.024051007341201,
    12.939866392543353,
    12.939866392543353,
    12.80728260552801,
    12.493957186986545,
    12.493957186986545,
    12.219723982213452,
    11.933943526250458,
    11.656201018655576,
    11.656201018655576,
    11.656201018655576,
    11.656201018655576,
    11.41151860833998,
    11.41151860833998,
    11.411079071927787,
    11.411079071927787,
    11.491458538040806,
    11.491458538040806,
    11.468074571463616,
    11.468074571463616,
    11.375485407780667,
    11.32191832982676,
    11.32191832982676,
    11.32191832982676,
    11.69774121096521,
    11.618652607213637,
    11.618652607213637,
    11.618652607213637,
    11.618652607213637,
    11.710716104608812,
    11.710716104608812,
    11.710716104608812,
    11.482084005569444,
    11.184913301645633,
    10.938404082743498,
    910.3379392205637,
    910.3379392205637,
    2194.050678065015,
    2194.050678065015,
    2189.5624482224316,
    2189.5624482224316,
    2189.250007346564,
    2189.250007346564,
    2186.490898411617,
    2186.490898411617,
    2186.490898411617,
    2186.490898411617,
    2180.885400562557,
    2180.885400562557,
    2180.885400562557,
    2180.885400562557,
    2180.7267418163624,
    2174.468704261171,
    2174.468704261171,
    2172.7937412361384,
    2172.713661831571,
    2172.713661831571,
    2172.713661831571,
    2172.713661831571,
    2172.713661831571,
    2172.713661831571,
    2172.713661831571,
    2172.690360564183,
    2172.4993868154006,
    2172.4993868154006,
    2172.4993868154006,
    2172.4993868154006,
    2172.4993868154006,
    2172.4993868154006,
    2172.4993868154006,
    2171.6320462953277,
    2171.6172066718796,
    2171.6172066718796,
    2171.6172066718796,
    2171.6172066718796,
    2171.6172066718796,
    2171.6172066718796,
    2171.6172066718796,
    2171.6172066718796,
    2171.6172066718796,
    2171.6172066718796,
    2171.6172066718796,
    2171.6172066718796,
    2171.543396890438
  ],
  "objective": "beta_gamma_ratio",
  "maximize": true
}